37564	三	七	五	六	四
4コマ漫画	四	齣	漫画
CM	commercial	message
DD論	DD	論
DTMer	DTM	er
K点	K	点
LDK	living room	dining room	kitchen
PCR検査	PCR	検査
POP広告	POP	広告
PV	promotional	video
SI単位系	SI	単位系
TACOる	TACO	る
T定規	T	定規
bool型	bool	型
char型	char	型
int型	int	型
あかぼし	赤	星
あからがお	赤	顔
あがた	彼	方
あけび	開け	実
あなた	あ	な	た
あの	あ	の
あの世	あの	世
ありか	あり	処
ありがとう	有り	難い
ありがとうございます	ありがとう	ございます
ありがとう存じます	ありがとう	存じます
あるいは	ある	い	は
あることないこと	ある	こと	ない	こと
あるは	ある	は
あるまじき	ある	まじき
あれ	あ	れ
あんパン	餡	パン
いい子	いい	子
いかだ	厳し	板
いきづまる	息	詰まる
いきりたつ	熱り	立つ
いそいそがに	いそいそ	蟹
いつメン	いつも	メンバー
いらっしゃいませ	いらっしゃい	ませ
いろせ	いろ	兄
いろは	いろ	は
うpる	うp	る
うかうか三十きょろきょろ四十	うかうか	三十	きょろきょろ	四十
うきよ	憂き	世
うさぎ座	うさぎ	座
うざったい	うざ	たい
うっかり者	うっかり	者
うらかた	裏	方
うるさい	心	狭し
えそらごと	絵	空事
えた	餌	取り
おいちょかぶ	オイチョ	カブ
おおいぬ座	大	犬	座
おおぐま座	大	熊	座
おか	峰	処
おかま	御	釜
おぎゃる	おぎゃあ	る
おこげ	御	焦げ
おさら	お	皿
おしっこ	お	しっこ
おしまい	お	しまい
おしゃべり	お	喋り
おそそ	お	そそ
おちびさん	お	ちび	さん
おちんちん	御	ちんちん
おてつき	御	てつき
おはよう	御	早く
おまんこ	お	まんこ
おめかし	お	めかし
おめでとう	御	愛でたく
おれもの	おれ	者
お世話	お	世話
お世辞	御	世辞
お久しぶりです	久しい	ぶり
お仕置き	御	仕置き
お休みなさい	御	休み	なさい
お元気で	お	元気	で
お八つ	お	八	つ
お出で	御	出で
お化け屋敷	お化け	屋敷
お名前	御	名前
お団子	御	団子
お国	御	国
お報せ	お	報せ
お姉さん	お	姉	さん
お姉ちゃん	お	姉	ちゃん
お嬢さん	お	嬢	さん
お宅	御	宅
お定まり	御	定まり
お寺	御	寺
お座り	御	座る
お弁当箱	御	弁当箱
お手上げ	御	手	上げ
お手並み	お	手並み
お手並み拝見	お	手並み	拝見
お新香	お	新香
お昼	お	昼
お構いなく	お	構い	なく
お母さん	お	母	さん
お水	お	水
お浸し	御	浸し
お湯	お	湯
お疲れ	御	疲れ
お盆	御	盆
お知らせ	お	知らせ
お祝い	御	祝い
お祭り	御	祭り
お絵かき	御	絵	描く
お腹	御	中
お茶	御	茶
お菓子	御	菓子
お通し	御	通し
お酒	御	酒
お醤油	お	醤油
お釈迦	御	釈迦
お金	お	金
お預け	お	預け
お風呂	御	風呂
かな	か	な
かの	か	の
かばしら	蚊	柱
からす	から	す
からもの	唐	物
かりそめ	仮	初め
かわいそう	かわいい	そう
がくがくぶるぶる	がくがく	ぶるぶる
がに股	蟹	股
がらがら蛇	がらがら	蛇
きむぢ	君	貴
きめこまかい	木目	細かい
きょどる	挙動不審	る
きりきり舞い	きりきり	舞い
ぎゃふん	ぎゃ	ふん
くぐり抜ける	潜り	抜ける
くし形	櫛	形
くらい	座	居
くるぶし	くる	節
くるわ	くる	わ
けつなあな確定	けつなあな	確定
けむ	け	む
けらば	螻蛄	羽
けり	来	あり
けれども	けれ	ども
こうま座	小	馬	座
ここぞという時	ここぞ	と	いう	時
ここぞとばかりに	ここぞ	と	ばかり	に
こじし座	小	獅子	座
こそあど	こ	そ	あ	ど
こち	此	ち
こちらこそありがとうございます	こちらこそ	ありがとうございます
こどもの日	子供	の	日
この	こ	の
このあいだ	此の	間
この上なく	この	上	なく
この世	この	世
こみち	小	道
こめじるし	米	印
こもごも	此	も	此	も
これ以上	これ	以上
こん畜生	こん	畜生
ござる	ご	ざ	ある
ごゆっくり	ご	ゆっくり
ご多分に漏れず	ご	多分	に	漏れる	ず
ご想像にお任せします	ご	想像	に	お	任せ	します
ご機嫌よう	ご機嫌	よう
ご降誕	御	降誕
ご馳走様でした	御	馳走	様	でした
さかずき	酒	坏
さかな	酒	肴, 菜, 魚
さとり世代	さとり	世代
さま	さ	ま
さもなくば	さもない	ば
さやか	清	か
さる	然	あり
ざり	ず	あり
しかと	鹿	十
しかばね	死	尸, 屍
したぐつ	下	沓 / 靴
したっけ	した	っけ
しまう	閉まる	ふ
しゃぶ漬け	しゃぶ	漬け
じぇんこ	銭	子
じゃがバター	じゃがいも	バター
すみ	酸	み
ずにはいられない	ずに	は	いられない
せきのやま	関	の	山
せとか	瀬戸	か
せやな	せ	や	な
そつがない	そつ	が	ない
その場限り	その場	限り
その通り	その	通り
そよ吹く	そよそよ	吹く
そらごと	空	言, 事
それ	そ	れ
それだから	それ	だから
ぞっとしない	ぞっと	しない
ぞろ目	ぞろ	目
たたずむ	立つ	住む
ただす	唯	す
ただで済む	ただ	で	済む
たつみ	辰	巳
たねポケモン	種	ポケモン
だから	だ	から
だす	で	やす
ちゃんころ	銭	ころ
ちょうこくしつ座	彫刻	室	座
つとめて	夙	めて
つのぎり	角	錐
つぼい	壺	い
つぼる	壺	る
てしまう	て	しまう
てへぺろ	てへ	ぺろっ
できない	でき	ない
できぬ	できる	ぬ
です	で	ある
でも	で	も
でんぐり返す	でんぐり	返す
でんぐり返る	でんぐり	返る
でんでん太鼓	でんでん	太鼓
とこしえ	とこし	方
とみに	頓	に
とも	と	も
ともあれ	と	も	あれ
ともなく	と	も	なく
どうしても	どうして	も
どうせ	どう	せ
どうも	どう	も
どうもありがとう	どうも	ありがとう
どうやらこうやら	どうやら	こうやら
どこか	どこ	か
どっちもどっち	どっち	も	どっち
どっちもどっち論	どっちもどっち	論
どん底	どん	底
なか	ある	処
なば	な	ば
なめし革	なめし	革
ならず者	成らず	者
なり	に	あり
なりけり	なり	けり
なんくるないさ	なんくる	成い	さ
なんでやねん	なんで	や	ねん
にきて	和	手
にもかかわらず	に	も	かかわらず
ねじれ双角錐	ねじれ	双角錐
ねっこ	根	こ
ねもと	根	元
のみ	の	身
はこせこ	筥, 箱, 函	せこ
はしくれ	端	塊
はしご高	梯子	高
はっきよい	発気	揚々
はっけよい	八卦	良い
はと座	鳩	座
はなお	鼻	緒
はなよめ	花	嫁
はまり役	填まり	役
はりぼて	張り	ぼて
ばばっちい	糞#baba	しい
ぱくツイ	ぱくり	ツイート
ひき逃げ	轢き	逃げ
ひこ	日	子
ひそひそ声	ひそひそ	声
ひたいかくし	額	隠し
ひたき	火	焚き
ひだるい	干	だるい
ひっこす	引き	越す
ひびが入る	ひび	が	入る
ひび割れる	ひび	割れる
ひまわり学級	ひまわり	学級
ひもの	檜	物
びりを蹴る	びり	を	蹴る
ふみお	文	男
ふみこ	文	子
ふるさと	ふる	里
ぶどうジュース	ぶどう	ジュース
ぶらんこ	ぶらん	こ
ぶりっ子	振り	子
へた文字	下手	文字
へなっちょろい	へな	っ	ちょろい
へみゆみ	蛇	弓
べこ	べ	子
べそをかく	べそ	を	かく
べそを作る	べそ	を	作る
ぺんぺん草	ぺんぺん	草
ほくそえむ	北叟	笑む
ほしい	干し	飯
ほしもの	干し	物
ほととぎす	ほととぎ	す
ほんのこて	本	の	事	に
ぼこ	坊	子
ぼったくり	ぼり	たくり
まきす	巻き	簀
まぐろおんな	マグロ	女
まさか	正	か
またとない	また	と	ない
まっかん蟹	真っ赤	蟹
まっとう	真っ	当
まなざし	目	な	指し
まな板	真魚	板
まばら	間	あばら
まほし	ま	く	ほし
まるきばし	丸木	橋
まるごと	丸	ごと
みこともち	御言	持ち
みじん切り	微塵	切り
みそか	三十	日
みそかす	味噌	滓
みそじ	三十	ち
みそち	三十	ち
みそめる	見	初める
みなみじゅうじ座	南	十字	座
みみしい	耳	癈
めくら	目	暗
めしい	目	癈
めまい	目	舞い
めり	目	あり
めんどくさい	めんどう	くさい
もっこりビキニ	もっこり	ビキニ
もろは	諸	刃
やさかにのまがたま	八尺瓊	の	まがたま
やりこなす	やり	こなす
ゆきづまる	行き	詰まる
ゆとり世代	ゆとり	世代
ゆとり教育	ゆとり	教育
よこぎる	横	切る
よすが	寄す	処
よびこう	よび	こう
より一層	より	一層
わたの原	海	の	原
をば	を	は
んとする	む	と	す
アウストロネシア語族	アウストロネシア	語族
アカミミガメ	赤耳	亀
アシル基	アシル	基
アジア象	アジア	象
アスパラギン酸	アスパラギン	酸
アセチレン系炭化水素	アセチレン	系
アデリーペンギン	アデリー	ペンギン
アドレス解決プロトコル	アドレス	解決	プロトコル
アニソン	アニメ	ソング
アビシニアジャッカル	アビシニア	ジャッカル
アフターコロナ	after	コロナ
アフリカウスイロイルカ	アフリカ	ウスイロイルカ
アフリカニシキヘビ	アフリカ	ニシキヘビ
アフリカ象	アフリカ	象
アヘ顔	アヘアヘ	顔
アホ毛	阿呆	毛
アボガドロ定数	アボガドロ	定数
アミノ酸	アミノ	酸
アメリカアカオオカミ	アメリカ	赤狼
アメリカオシ	アメリカ	鴛鴦
アメリカグマ	アメリカ	熊
アメリカシロヅル	アメリカ	白	鶴
アメリカ英語	アメリカ	英語
アリツカゲラ	蟻	塚	啄木鳥
アリル基	アリル	基
アルカリ金属	アルカリ	金属
アルトオーボエ	アルト	オーボエ
アルバニア人民共和国	アルバニア	人民	共和国
アルバニア公国	アルバニア	公国
アルバニア王国	アルバニア	王国
アルバニア社会主義人民共和国	アルバニア	社会主義	人民	共和国
アンゴラ山羊	アンゴラ	山羊
アンドラ公国	アンドラ	公国
アーク放電	アーク	放電
アーク溶接	アーク	溶接
アーク炉	アーク	炉
アーレ川	アーレ	川
イカ耳	烏賊	耳
イギリス帝国	イギリス	帝国
イギリス英語	イギリス	英語
イギリス連邦	イギリス	連邦
イワトビペンギン	岩	跳び	ペンギン
インサイダー取引	インサイダー	取引
インスタ映え	インスタ	映え
インド・ヨーロッパ語族	インド	ヨーロッパ	語族
インド孔雀	インド	孔雀
インド洋	インド	洋
インド英語	インド	英語
インド象	インド	象
イ短調	イ	短調
イ長調	イ	長調
ウィズコロナ	with	コロナ
ウィントフック	wind	hoek
ウミユリ	海	百合
エアリプ	エア	リプ
エギンガー	餌木	ing
エギング	餌木	ing
エコノミークラス症候群	エコノミークラス	症候群
エジプト睡蓮	エジプト	睡蓮
エチレン系炭化水素	エチレン	系
エッフェル塔	エッフェル	塔
エペソ人への手紙	エペソ	人	へ	の	手紙
エボラウイルス	エボラ	ウイルス
エボラウイルス病	エボラウイルス	病
エボラ出血熱	エボラ	出血熱
オウマー	オウム	er
オカメインコ	おかめ	鸚哥
オクタデカン酸	オクタデカン	酸
オグロプレーリードッグ	オグロ	プレーリードッグ
オスマン帝国	オスマン	帝国
オゾン層	オゾン	層
オタサーの姫	オタサー	の	姫
オフィスレディー	オフィス	レディー
オフサルモロジー	オフサルモ	ロジー
オランダ王国	オランダ	王国
オランダ領ニューギニア	オランダ	領	ニューギニア
オリンピック競技大会	オリンピック	競技	大会
オルソ画像	ortho	画像
オルソ補正	ortho	補正
オレオレ詐欺	オレ	オレ	詐欺
オレフィン系炭化水素	オレフィン	系
オレンジジュース	オレンジ	ジュース
オーストラリア英語	オーストラリア	英語
オーストロネシア語族	オーストロネシア	語族
オーナーシェフ	オーナー	シェフ
オーナードライバー	オーナー	ドライバー
オープンカー	オープン	カー
カザフスタン共和国	カザフスタン	共和国
カスピ海海豹	カスピ海	海豹
カチンコ	かちん	こ
カッターナイフ	カッター	ナイフ
カップ麺	カップ	麺
カナダ英語	カナダ	英語
カニクイイヌ	蟹	食い	犬
カノン砲	カノン	砲
カフカス・アルバニア	カフカス	アルバニア
カラクン鳥	カラクン	鳥
カリブ海	カリブ	海
カレーうどん	カレー	うどん
カレールー	カレー	ルー
カンボジア王国	カンボジア	王国
カーボベルデ共和国	カーボベルデ	共和国
カ行変格活用	カ行	変格活用
ガセネタ	ガセ	ネタ
ガチンコ	がちん	こ
ガパオライス	กะเพรา	rice
ガビアルモドキ	ガビアル	もどき
ガラス体	ガラス	体
ガラパゴスケータイ	ガラパゴス	ケータイ
ガラパゴス諸島	ガラパゴス	諸島
ガングロ	顔	黒
キタキツネ	北	狐
キモカワイイ	キモい	可愛い
キャノン砲	キャノン	砲
キャンピングカー	キャンピング	カー
キラキラネーム	きらきら	ネーム
キリル文字	キリル	文字
ギザ十	ギザギザ	十
ギニアビサウ共和国	ギニアビサウ	共和国
ギニア共和国	ギニア	共和国
ギャップ萌え	ギャップ	萌え
ギャルゲーム	ギャル	ゲーム
ギャル文字	ギャル	文字
ギリギリ健常者	ギリギリ	健常者
ギンギツネ	銀	狐
クイズ番組	クイズ	番組
クォークチーズ	クォーク	チーズ
クソカキコ	糞	カキコ
クソリプ	クソ	リプ
クラインの壺	クライン	の	壺
クラス図	クラス	図
クランベリージュース	クランベリー	ジュース
クロイツフェルト・ヤコブ病	クロイツフェルト	ヤコブ	病
ク活用	く	活用
ググれカス	ググれ	かす
グランド・ブルターニュ	グランド	ブルターニュ
グリニッジ平均時	グリニッジ	平均時
グリニッジ標準時	グリニッジ	標準時
グルタミン酸	グルタミン	酸
グレビー縞馬	グレビー	縞馬
グレートブリテン王国	グレートブリテン	王国
グレープジュース	グレープ	ジュース
ケイマン諸島	ケイマン	諸島
ケイ素	珪	素
ケイ素鋼	ケイ素	鋼
ケット・シー	cait	sìth
ケツバット	ケツ	バット
ケーキ屋	ケーキ	屋
ゲシュタルト崩壊	Gestalt	崩壊
ゲスい	ゲス	い
コインロッカー	コイン	ロッカー
ココ椰子	coco	椰子
コスプレイヤー	コスプレ	er
コツメカワウソ	小	爪	カワウソ
コディアックヒグマ	コディアック	ヒグマ
コナミコマンド	コナミ	コマンド
コモド大蜥蜴	コモド	大蜥蜴
コロナ禍	コロナ	禍
コロンビア共和国	コロンビア	共和国
コーヒーカップ	コーヒー	カップ
コール天	コール	天
ゴルジ体	ゴルジ	体
サウジアラビア王国	サウジアラビア	王国
サグカレー	साग	カレー
サラリーマン	サラリー	マン
サンダカン死の行進	サンダカン	死	の	行進
サ行変格活用	サ行	変格活用
シェトランド諸島	シェトランド	諸島
シカレイヨウ	鹿	羚羊
シク戦争	Punjabi ਸਿੱਖ	戦争
シク活用	しく	活用
シス-トランス異性体	シス-トランス異性	体
システムエンジニア	システム	エンジニア
システム工学	システム	工学
シャブ漬け	シャブ	漬け
シャボン玉	シャボン	玉
シュワルツシルト半径	シュワルツシルト	半径
シリア・アラブ共和国	シリア	アラブ	共和国
シロイワヤギ	白	岩	ヤギ
シロカモシカ	白	カモシカ
シンガポール	सिंह	पुर
ジェネリック医薬品	generic	医薬品
ジャイアントキル	giant	kill
ジャガ芋	ジャガタラ	芋
ジャムる	ジャム	る
ジャワ犀	ジャワ	犀
スウェーデンリレー	スウェーデン	リレー
スウェーデン王国	スウェーデン	王国
スコットランド・ゲール語	スコットランド	ゲール語
スコットランド英語	スコットランド	英語
スタバる	スタバ	る
スタープレーヤー	スター	プレーヤー
スッポンモドキ	鼈	擬き
ステアリン酸	ステアリン	酸
ステラー海牛	ステラー	海牛
ストックホルム症候群	ストックホルム	症候群
ストレッチ体操	ストレッチ	体操
スネ毛	すね	毛
スパブロ	スパム	ブロック
スペイン・バスク	スペイン	バスク
スペイン内戦	スペイン	内戦
スペイン国	スペイン	国
スペイン王国	スペイン	王国
スペイン風邪	スペイン	風邪
スマトラアカニシキヘビ	スマトラ	赤	ニシキヘビ
スマトラカモシカ	スマトラ	カモシカ
スマトラ犀	スマトラ	犀
スリーカード	スリー	カード
スルホニル基	English sulfonyl	基
スワジランド王国	スワジランド	王国
スーダン共和国	スーダン	共和国
ズル休み	狡	休み
セアカフタマタクワガタ	背赤	二股	クワガタ
セルビア・モンテネグロ	セルビア	モンテネグロ
セルビア・モンテネグロ連邦	セルビア・モンテネグロ	連邦
セントビンセント・グレナディーン	セントビンセント	グレナディーン
ソナタ形式	ソナタ	形式
ソロモンの知恵	ソロモン	の	知恵
ソロモン諸島	ソロモン	諸島
タイムアタック	タイム	アタック
タイリクオオカミ	大陸	狼
タテガミオオカミ	たてがみ	狼
タリ活用	たり	活用
タンドリーチキン	तन्दूरी	chicken
ダフる	ダフ	る
ダフ屋	札	屋
ダブル立直	ダブル	立直
チベットノロバ	チベット	野	驢馬
チャラ付く	チャラ	付く
チャリンコ	チャリン	子
チンピラ	ちん	片
ツイッタラー	ツイッター	er
ツイッター廃人	ツイッター	廃人
ツインテール	ツイン	テール
ツイ友	ツイッター	友
テレビっ子	テレビ	子
テレビゲーム	テレビ	ゲーム
テレビ番組	テレビ	番組
テレワーク	テレ	ワーク
テーブルさん座	テーブル	山	座
テーマソング	テーマ	ソング
デブる	デブ	る
デリバリーヘルス	デリバリー	ヘルス
デヴォン紀	デヴォン	紀
トマトジュース	トマト	ジュース
トランプマニア	トランプ	マニア
トランプ主義	トランプ	主義
トリニダード・トバゴ	トリニダード	トバゴ
トリニダード・トバゴ共和国	トリニダード・トバゴ	共和国
トレーニングパンツ	トレーニング	パンツ
トロイアの木馬	トロイア	の	木馬
トンガ王国	トンガ	王国
トンキン湾	トンキン	湾
ト短調	ト	短調
ト長調	ト	長調
ドイツ帝国	ドイツ	帝国
ドイツ領ニューギニア	ドイツ	領	ニューギニア
ドジっ子	ドジ	子
ドップラー効果	ドップラー	効果
ドネツク人民共和国	ドネツク	人民共和国
ドミニカ共和国	ドミニカ	共和国
ドヤ顔	どや・どうや	顔
ドライブイン	ドライブ	イン
ドライブウェイ	ドライブ	ウェイ
ドライブスルー	ドライブ	スルー
ナイジェリア連邦共和国	ナイジェリア	連邦	共和国
ナチス・ドイツ	ナチス	ドイツ
ナッタ投影式	ナッタ	投影式
ナリ活用	なり	活用
ナ行変格活用	ナ行	変格活用
ニジェール共和国	ニジェール	共和国
ニホンカモシカ	日本	カモシカ
ニヤリスト	にやり	ist
ニュージーランド英語	ニュージーランド	英語
ニューファンドランド白狼	ニューファンドランド	白	狼
ニューマン投影式	ニューマン	投影式
ニ短調	ニ	短調
ニ長調	ニ	長調
ネコ属	猫	属
ネス湖	ネス	湖
ネズミ講	ねずみ算	講
ネトサポ	ネット	サポーター
ネブラスカオオカミ	ネブラスカ	狼
ノンデリ	ノン	デリカシー
ノートパソコン	ノート	パソコン
ノーマスク	ノー	マスク
ハイイロオオカミ	灰色	狼
ハイチ共和国	ハイチ	共和国
ハイブリッドワーク	ハイブリッド	ワーク
ハッシュドビーフ	ハッシュド	ビーフ
ハース投影式	ハース	投影式
ハ短調	ハ	短調
ハ行転呼	ハ行	転呼
ハ行転呼音	ハ行	転呼音
ハ長調	ハ	長調
バイカル海豹	バイカル	海豹
バイキング料理	バイキング	料理
バイトテロ	バイト	テロ
バカ発見器	バカ	発見	器
バズーカ砲	bazooka	砲
バターン死の行進	バターン	死	の	行進
バックグラウンド汚染	バックグランド	汚染
バックシャン	バック	シャン
バヌアツ共和国	バヌアツ	共和国
パイナップルジュース	パイナップル	ジュース
パケ死	パケ	死
パチンコ	ぱちん	子
パパ活	パパ	活
パプア火食い鳥	パプア	火食い鳥
パワーアップ	パワー	アップ
パン屋	パン	屋
ヒアリ	火	蟻
ヒドロキシル基	English hydroxyl	基
ヒドロ虫	ὑδρο	虫
ヒポクラテスの誓い	ヒポクラテス	の	誓い
ヒマラヤ熊	ヒマラヤ	熊
ビフォーコロナ	before	コロナ
ピエロ恐怖症	ピエロ	恐怖症
ピカチュウ	ピカ	チュー
ピコメートル	ピコ	メートル
ピタゴラスの定理	ピタゴラス	の	定理
ピンぞろ	ピン	ぞろ
ファイル転送プロトコル	ファイル	転送	プロトコル
ファッションヘルス	ファッション	ヘルス
フィッシャー投影式	フィッシャー	投影式
フィリピン共和国	フィリピン	共和国
フィリピン英語	フィリピン	英語
フェニルケトン尿症	フェニル	ケトン	尿症
フェネック狐	フェネック	狐
フェルミ゠ディラック統計	フェルミ	ディラック	統計
フォーカード	フォー	カード
フッ素	弗	素
フランスパン	フランス	パン
フランス窓	フランス	窓
フランス領ポリネシア	フランス	領	ポリネシア
フルボッコ	フル	ぼこぼこ
フルーツトマト	フルーツ	トマト
ブヒる	ブヒ	る
ブラジルカイマン	ブラジル	カイマン
ブラジル帝国	ブラジル	帝国
ブラック企業	ブラック	企業
ブルグント王国	ブルグント	王国
ブルゴーニュ公国	ブルゴーニュ	公国
ブルゴーニュ領ネーデルラント	ブルゴーニュ	領	ネーデルラント
ブンゼンバーナー	Bunsen	burner
ブーブークッション	ぶうぶう	cushion
プエルトリコ自治連邦区	プエルトリコ	自治	連邦	区
プラごみ	プラ	ごみ
プラゴミ	プラ	ゴミ
プラスチックごみ	プラスチック	ごみ
プラスチックゴミ	プラスチック	ゴミ
プラトン主義	プラトン	主義
プロパルギル基	プロパルギル	基
ヘモる	hemorrhage	る
ヘ短調	ヘ	短調
ヘ長調	ヘ	長調
ベクトル積	ベクトル	積
ベジェ曲線	ベジェ	曲線
ベトナム戦争	ベトナム	戦争
ベルギー王国	ベルギー	王国
ベンガル狐	ベンガル	狐
ベンジル基	English benzyl	基
ベン図	ベン	図
ベータ粒子	ベータ	粒子
ペルー共和国	ペルー	共和国
ペロリスト	ぺろり	ist
ホウ素	硼	素
ホルモン焼き	ホルモン	焼き
ホーコー鍋	火鍋	鍋
ホ短調	ホ	短調
ホ長調	ホ	長調
ボース゠アインシュタイン統計	ボース	アインシュタイン	統計
ポケットモンスター	ポケット	モンスター
ポストコロナ	post	コロナ
ポリウレタン線	ポリウレタン	線
ポリ塩化ビニル	ポリ	塩化	ビニル
ポルトガル領ギニア	ポルトガル	領	ギニア
ポーランド記法	ポーランド	記法
マクる	マク	る
マケドニア旧ユーゴスラビア共和国	マケドニア	旧	ユーゴスラビア	共和国
マスコミュニケーション	マス	コミュニケーション
マスメディア	マス	メディア
マテガイ	真手	貝
ママチャリ	ママ	チャリ
ママ友	ママ	友
マル暴	丸	暴
マレーアカニシキヘビ	マレー	赤	ニシキヘビ
マレーバク	マレー	獏
マンゴージュース	マンゴー	ジュース
マンデラ効果	マンデラ	効果
マーシャル諸島	マーシャル	諸島
マーシャル諸島共和国	マーシャル諸島	共和国
ミクロネシア連邦	ミクロネシア	連邦
ミシシッピ鰐	ミシシッピ	鰐
ミシン目	ミシン	目
ミツアナグマ	蜜	穴熊
ミナミコアリクイ	南	コアリクイ
ミニ豚	ミニ	豚
ミネストローネ	minestra	one
ミンコフスキー時空	ミンコフスキー	時空
ムール貝	moule	貝
メキシコオオカミ	メキシコ	狼
メタラー	メタル	er
メタン系炭化水素	メタン	系
メビウスの帯	メビウス	の	帯
メリケンサック	メリケン	サック
メリケン粉	メリケン	粉
メリヤス編み	メリヤス	編む
メール便	メール	便
モウコガゼル	蒙古	ガゼル
モナコ公国	モナコ	公国
モノのインターネット	物	の	インターネット
モノアイ	モノ	アイ
モヒカン刈り	モヒカン	刈り
モーリシャス共和国	モーリシャス	共和国
ヤリチン	やる	ちん
ヤリマン	やる	まん
ヤンキー座り	ヤンキー	座り
ユダヤ主義	ユダヤ	主義
ユークリッド幾何	ユークリッド	幾何
ユーゴスラビア王国	ユーゴスラビア	王国
ユーゴスラビア社会主義連邦共和国	ユーゴスラビア	社会主義	連邦	共和国
ユーフラテス川	ユーフラテス	川
ヨウ素	沃	素
ヨーク家	ヨーク	家
ヨーロッパオオカミ	ヨーロッパ	狼
ヨーロッパオオヤマネコ	ヨーロッパ	オオヤマネコ
ヨーロッパコマドリ	ヨーロッパ	コマドリ
ライジングスター	ライジング	スター
ライスワーク	rice	work
ライフル射撃競技	ライフル	射撃
ラジオカセ	ラジオ	カセット
ラップトップパソコン	ラップトップ	パソコン
ラピスラズリ	lapis	lazulī
ランドルト環	ランドルト	環
ラーメン屋	ラーメン	屋
ラ行変格活用	ラ行	変格活用
リヒテンシュタイン公国	リヒテンシュタイン	公国
リボルビングばらい	revolving	払い
リモート表示	リモート	表示
リンク切れ	リンク	切れ
リンゴジュース	リンゴ	ジュース
リンパ液	リンパ	液
リーマン幾何	リーマン	幾何
ルガンスク人民共和国	ルガンスク	人民共和国
ルクセンブルク主義	ルクセンブルク	主義
ルクセンブルク市	ルクセンブルク	市
レジスター係	レジスター	係
レジャーランド	レジャー	ランド
レジ打ち	レジ	打ち
レベルアップ	レベル	アップ
レモンジュース	レモン	ジュース
レンチン	電子レンジ	チン
ロケット鉛筆	ロケット	鉛筆
ロシア帝国	ロシア	帝国
ロンドン地下鉄	ロンドン	地下鉄
ローマン体	ローマン	体
ローマ・カトリック教会	ローマ	カトリック教会
ローマ字	ローマ	字
ロールシャッハ・テスト	ロールシャッハ	テスト
ロ短調	ロ	短調
ロ長調	ロ	長調
ワインビネガー	ワイン	ビネガー
ワイン圧搾機	ワイン	圧搾機
ワンちゃん	ワン	ちゃん
ワンコ	ワン	子
ワン切り	ワン	切り
ヴァージン諸島	virgin	諸島
㌠	さん	チーム
一つ目小僧	一つ目	小僧
一世一元	一世	一元
一事不再理	一事	不	再理
一人	一	人
一人部屋	一人	部屋
一仕事	一	仕事
一件書類	一件	書類
一位	一	位
一億	一	億
一刻も早く	一刻	も	早く
一吹き	一	吹き
一味同心	一味	同心
一回	一	回
一塁	一	塁
一夫一婦制	一夫一婦	制
一女	一	女
一括払い	一括	払い
一挙手一投足	一挙手	一投足
一揃い	一	揃
一文無し	一	文	無し
一日	月	立ち
一日千秋	一日	千秋
一昨日	一昨	日
一時払い	一時	払い
一時期	一	時期
一月	一	月
一本	一	本
一杯食わす	一杯	食わす
一次元配列	一次元	配列
一汁一菜	一汁	一菜
一泊	一	泊
一泡吹かせる	一泡	吹かせる
一番	一	番
一目惚れ	一目	惚れる
一矢を報いる	一矢	を	報いる
一票	一	票
一秭	一	秭
一致結束	一致	結束
一輪車	一	輪	車
七つの海	七つ	の	海
七不思議	七	不思議
七人	七	人
七十五日	七十五	日
七回	七	回
七対子	七	対子
七日鮫	七日	鮫
万世不易	万世	不易
万代不易	万代	不易
万古不易	万古	不易
万国博覧会	万国	博覧会
万年筆	万年	筆
万有引力	万有	引力
万歩計	万	歩	計
万歳突撃	万歳	突撃
万華鏡	万	華	鏡
万葉仮名	万葉	仮名
万葉集	万葉	集
三つ目小僧	三つ目	小僧
三乗	さん	乗
三乗根	三乗	根
三人	三	人
三元牌	三元	牌
三十	三	十
三十日	三十	日
三原色	三	原色
三叉	三つ	叉
三味線貝	三味線	貝
三和	三	和
三回	三	回
三塁	三	塁
三女	三	女
三振	三	振
三日坊主	三日	坊主
三日天下	三日	天下
三日月	三日	月
三月	三	月
三浦	三	浦
三男	三	男
三線	三	線
三菱	三つ	菱
三葉機	三	葉	機
三角定規	三角	定規
三角柱	三	角柱
三角錐	三角	錐
三角関数	三角	関数
三重水素	三	重水素
三重県	三重	県
三陸地震	三陸	地震
上一段活用	上	一段活用
上下	上げ	下ろし
上二段活用	上	二段活用
上代特殊仮名遣	上代	特殊	仮名遣い
上品振る	上品	振る
上園	上	園
上巻	上	巻
上手	上	手
上書き	上	書き
上村	上	村
上水道	上	水道
上級国民	上級	国民
上野	上	野
上陸班	上陸	班
下の下	下	の	下
下一段活用	下	一段活用
下手	下	手
下手糞	下手	糞
下方	下	方
下瀬火薬	下瀬	火薬
下足	下	足
下野	下	野
不仲説	不仲	説
不信実	不	信実
不倫妻	不倫	妻
不可欠アミノ酸	不可欠	アミノ酸
不可欠脂肪酸	不可欠	脂肪酸
不可逆	不	可逆
不同	不	同
不定冠詞	不定	冠詞
不幸中の幸い	不幸	中	の	幸い
不当廉売	不当	廉売
不思議の国のアリス症候群	不思議の国のアリス	症候群
不断草	不断	草
不死身	不死	身
不相応	不	相応
不確か	不	確か
不祥事	不祥	事
不自然	不	自然
不貞腐れる	ふて	腐れる
不足数	不足	数
不飽和	不	飽和
不飽和脂肪酸	不飽和	脂肪酸
与論島	与論	島
丑三つ時	丑三つ	時
世の中	世	の	中
世も末	世	も	末
世界大戦	世界	大戦
世界恐慌	世界	恐慌
世界線	世界	線
世界量子の日	世界	量子	の	日
世界量子デー	世界	量子	デー
世知辛い	世知	辛い
世話を焼く	世話	を	焼く
世論調査	世論	調査
世間知らず	世間	知らず
世間話	世間	話
丙	火	の	兄
両唇音	両	唇音
両性酸化物	両性	酸化物
両眼鏡	両眼	鏡
両面テープ	両面	テープ
並列処理	並列	処理
中世ジャップランド	中世	ジャップランド
中今	中	今
中務	中	司
中国	中	国
中国地方	中国	地方
中央アフリカ帝国	中央アフリカ	帝国
中央処理装置	中央	処理	装置
中央演算処理装置	中央	演算	処理	装置
中小	中	小
中小企業	中小	企業
中指	中	指
中村	中	村
中東	中	東
中東呼吸器症候群	中東	呼吸器	症候群
中枢神経系	中枢	神経系
中欧	中	欧
中納言	中	納言
中継放送	中継	放送
中置記法	中置	記法
中耳炎	中耳	炎
中華料理	中華	料理
中華蕎麦	中華	蕎麦
中途半端	中途	半端
中高型	中高	型
串揚げ	串	揚げ
串鯖	串	鯖
丸印	丸	印
丸太	丸	太
丸太小屋	丸太	小屋
丸括弧	丸	括弧
丸秘	丸	秘
丸耳象	丸	耳	象
主審	主	審
主権侵犯	主権	侵犯
主権在民	主権	在民
久しぶり	久しい	振り
久闊	久	闊
乗りこなす	乗り	こなす
乗り換える	乗り	換える
乗駕	乗	駕
乙	木	の	弟
乙女	おと	女
乙姫	乙	姫
九人	九	人
九回	九	回
九帯アルマジロ	九	帯	アルマジロ
乱れ刃	乱れ	刃
乱反射	乱	反射
乳幼児突然死症候群	乳幼児	突然死	症候群
乳押さえ	乳	押さえ
乳搾り	乳	搾り
乳糖	乳	糖
乳糖不耐症	乳糖	不耐	症
乳首	乳	首
乾布摩擦	乾	布	摩擦
亀虫	亀	虫
予備校	予備	校
争で	如何	で
争奪戦	争奪	戦
事務職員	事務	職員
事実上	事実	上
二人	二	人
二人羽織	二人	羽織
二人部屋	二人	部屋
二十日	二十	日
二十日兎	二十日	兎
二十日鼠	二十日	鼠
二十歳	二十	歳
二周目	二	周	目
二回	二	回
二塁	二	塁
二女	二	女
二字	二	字
二字銘	二字	銘
二度寝	二度	寝
二日	二	日
二月	二	月
二次元配列	二次元	配列
二次的道具	二次的	道具
二男	二	男
二矢	おと	矢
二言	二	言
二輪	二	輪
二輪草	二輪	草
二重基準	二重	基準
二重底	二重	底
五人	五	人
五十六	五十	六
五十嵐	五十	が	嵐
五十路	五十	ち
五十鈴	五十	鈴
五反田	五	反	田
五右衛門風呂	五右衛門	風呂
五回	五	回
五智如来	五	智	如来
五月	五	月
五月雨	五月, 皐月	雨
五段活用	五段	活用
五色鶸	五色	鶸
五賢帝	五	賢	帝
五輪	五	輪
五輪塔	五輪	塔
井の中の蛙大海を知らず	井	の	中	の	蛙	大海	を	知らず
井守	井	守り
井戸	井	所
井戸水	井戸	水
交差位	交差	位
交感神経	交感	神経
交感神経節	交感	神経	節
交感神経系	交感	神経	系
交戦団体	交戦	団体
交通事故	交通	事故
交霊術	交霊	術
京の着倒れ	京	着倒れ
京町家	京	町家
京都府	京都	府
京阪	京	阪
人を食う	人	を	食う
人参エキス	人参	エキス
人声	人	声
人工生命	人工	生命
人形	人	形
人獣共通感染症	人	獣	共通	感染症
人目	人	目
人目が煩い	人目	が	煩い
人目に付く	人目	に	付く
人目に余る	人目	に	余る
人目に晒す	人目	に	晒す
人目に現わる	人目	に	現わる
人目に立つ	人目	に	立つ
人目を奪う	人目	を	奪う
人目を引く	人目	を	引く
人目を忍ぶ	人目	を	忍ぶ
人目を憚る	人目	を	憚る
人目を盗む	人目	を	盗む
人目を避ける	人目	を	避ける
人虱	人	虱
人見知り	人	見知り
人質	人	質
人身の自由	人身	の	自由
人身取引	人身	取引
人身御供	人身	御供
人造絹糸	人造	絹糸
人道に対する罪	人道	に	対する	罪
人間	人	間
人間ドック	人間	ドック
人間国宝	人間	国宝
今宵	此	宵
今朝	此	朝
今皇	今	天皇
介錯	介	錯
仕上がる	し	上がる
仕上げる	し	上げる
仕事	し	事
仕立屋	仕立て	屋
仕置き	し	置き
仕置き場	仕置き	場
他動詞	他動	詞
他覚症状	他覚	症状
付き添う	付き	添う
付き纏う	付き	纏う
付加価値税	付加	価値	税
代名詞	代	名詞
代数幾何	代数	幾何
代理戦争	代理	戦争
代理母	代理	母
代用字	代用	字
代走	代	走
仮免許	仮	免許
仮名文	仮名	文
仮置き	仮	置き
仮釈放	仮	釈放
仰ぎ見る	仰ぐ	見る
伊豆の国	伊豆	の	国
伊邪那岐	いざ	な	き
伏見宮	伏見	の	宮
伝導帯	伝導	帯
伝承文学	伝承	文学
伝言板	伝言	板
伝送制御プロトコル	伝送	制御	プロトコル
伝道の書	伝道	の	書
伯母	小	母
伸長位	伸長	位
但し	ただ	し
位相幾何	位相	幾何
位置エネルギー	位置	エネルギー
低級脂肪酸	低級	脂肪酸
低血糖	低	血糖
低血糖症	低	血糖	症
住宅金融組合	住宅	金融	組合
佐賀県	佐賀	県
体内時計	体内	時計
体操	体	操
体術	体	術
体言	体	言
何と	何	と
何となく	何	と	なく
何十	何	十
何曜日	何	曜日
余裕綽々	余裕	綽々
作り笑い	作り	笑い
作り茸	作り	茸
作業員	作業	員
作業服	作業	服
使い分ける	使い	分ける
使役動詞	使役	動詞
例の	例	の
例話	例	話
供給源	供給	源
依頼書	依頼	書
価値観	価値	観
価格証明書	価格	証明書
便所	便	所
俗ラテン語	俗	ラテン語
保つ	手	持つ
保健室	保健	室
信号無視	信号	無視
信教の自由	信教	の	自由
信販会社	信販	会社
倉庫番	倉庫	番
個人所得税	個人	所得	税
個人番号	個人	番号
個人番号カード	個人	番号	カード
倍角	倍	角
借音	借	音
倭琴	倭	琴
健闘を祈る	健闘	を	祈る
側位	測	位
側圧	側	圧
側頭	側	頭
偶像崇拝	偶像	崇拝
偽アカシア	偽	アカシア
傘	唐	傘
傘海苔	傘	海苔
催涙スプレー	催涙	スプレー
催眠	催	眠
催眠療法	催眠	療法
傲岸不遜	傲岸	不遜
傷つく	傷	付く
傷つける	傷	付ける
働き詞	働き	詞
億ション	億	マンション
億万	億	万
償う	つぐ	に	おう
優しさ	優しい	さ
優しみ	優しい	み
元治	元	治
元素	元	素
元首	元	首
兄	吾	の	兄
兄ちゃん	兄	ちゃん
兄分	兄	分
兄弟分	兄弟	分
兄鷹	兄	鷹
先カンブリア時代	先	カンブリア	時代
先割れスプーン	先	割れ	スプーン
先行	先	行き
先進国	先進	国
光ファイバー	光	ファイバー
光学顕微鏡	光学	顕微鏡
光明真言	光明	真言
兎に角	と	に	斯く	に
兎座	兎	座
兎馬	兎	馬
党葬	党	葬
兜	頭	兜
兜合わせ	兜	合わせ
兜虫	兜	虫
兜蟹	兜	蟹
入れ替える	入れ	替える
入口	入り	口
入次数	入	次数
入江鰐	入江	鰐
入船	入り	船
入道前太政大臣	入道	前	の	太政大臣
全会一致	全会	一致
全速前進	全速	前進
八ヶ月	八	ヶ月
八人	八	人
八咫鏡	八	咫	の	鏡
八回	八	回
八尺瓊勾玉	八尺瓊	の	まがたま
八尾	八	尾
八木アンテナ	八木	アンテナ
八目鰻	八つ	目	鰻
八雲琴	八雲	琴
公共事業	公共	事業
公園道路	公園	道路
公式戦	公式	戦
公益事業	公益	事業
公立学校	公立	学校
六つの花	六つ	の	花
六人	六	人
六十	六	十
六回	六	回
六角六片三角孔ねじれ正多面体	六角	六	片	三角	孔	ねじれ	正多面体
六角四片四角孔ねじれ正多面体	六角	四	片	四角	孔	ねじれ	正多面体
六角柱	六	角柱
共同通信社	共同	通信社
共同闘争	共同	闘争
共和国	共和	国
共在	共	在
共存	共	存
共通点	共通	点
兵庫県	兵庫	県
内大臣	内	大臣
内掛け	内	掛け
内脚	内	足, 脚
内部者取引	内部	者	取引
内閣総理大臣	内閣	総理	大臣
円グラフ	円	グラフ
再び	二	度
再会	再	会
再利用	再	利用
再創造	再	創造
再帰動詞	再帰	動詞
再教育	再	教育
再来年	再来	年
再来月	再来	月
再来週	再来	週
再構成	再	構成
再確認	再	確認
再編成	再	編成
再起動	再	起動
写真植字	写真	植字
冠鷲	冠	鷲
冥想	瞑	想
冷え切る	冷え	切る
冷たい	爪	痛い
冷たい戦争	冷たい	戦争
冷却塔	冷却	塔
冷奴	冷や	奴
冷蔵庫	冷蔵	庫
凱旋門	凱旋	門
凶夢	凶	夢
凹	凹	む
凹む	減り	込む
出来上がる	出来	上がる
出次数	出	次数
出歯雀鯛	出歯	雀鯛
出歯鼠	出歯	鼠
出版の自由	出版	の	自由
出産証明書	出産	証明書
出鼻をくじく	出鼻	を	挫く
出鼻を折る	出鼻	を	折る
刃	焼き	刃
分不相応	分	不相応
分光	分	光
分光特性	分光	特性
分割払い	分割	払い
分岐点	分岐	点
分相応	分	相応
分銅桜	分銅	桜
切り倒す	切る	倒す
切れ目	切れる	目
切断厨	切断	厨
切羽詰まる	切羽	詰まる
切腹	切	腹
切除	切	除
刑務官	刑務	官
刑吏	刑	吏
初	生む	日
初体験	初	体験
初心者マーク	初心者	マーク
初恋	初	恋
初春	初	春
初物	初	物
初絡み	初	絡み
初音	初	音
判決文	判決	文
別天津神	異	天	つ	神
制御棒	制御	棒
刷り込む	刷り	込む
刺身	刺し	身
刺身包丁	刺身	包丁
剃刀	髪	剃り
剃毛プレイ	剃毛	プレイ
前	目	方
前置記法	前置	記法
前衛芸術	前衛	芸術
前貼り	前	貼
前頭	前	頭
剣術	剣	術
剣闘士	剣	闘士
副交感神経	副	交感	神経
副交感神経系	副	交感	神経	系
副会長	副	会長
副作用	副	作用
副監督	副	監督
副社長	副	社長
副詞句	副詞	句
副詞節	副詞	節
副鼻腔炎	副鼻腔	炎
割り切る	割る	切る
割烹	割	烹
割烹着	割烹	着
割腹	割	腹
創唱	創	唱
創造神	創造	神
力	霊	柄
力む	力	む
力水	力	水
力石	力	石
加速度	加	速度
加齢臭	加齢	臭
助数詞	助	数詞
助監督	助	監督
助詞	助	詞
勅撰和歌集	勅撰	和歌	集
動く	うご	く
動物実験	動物	実験
動物崇拝	動物	崇拝
勝手	勝ち	手
勢力均衡	勢力	均衡
勾玉	曲が	玉
勿体無い	勿体	無い
包摂主義	包摂	主義
化け物	化け	物
化け猫	化ける	猫
化学平衡	化学	平衡
化学汚染	化学	汚染
化石	化	石
化石燃料	化石	燃料
化青鮫	化け	青鮫
北半球	北	半球
北口	北	口
北朝鮮	北	朝鮮
北栗鼠	北	栗鼠
北極洋	北極	洋
北極海	北極	海
北極熊	北極	熊
北極狼	北極	狼
北海道	北海	道
北米航空宇宙防衛司令部	北米	航空宇宙	防衛	司令部
北象海豹	北	象海豹
匙	茶	匙
区点	区	点
医学上	医学	上
医院長	医院	長
匿名投票	匿名	投票
匿名組合	匿名	組合
十三参り	十三	参り
十中八九	十	中	八	九
十九日	十	九	日
十二単	十二	単
十人	十	人
十六夜	十六	夜
十六夜薔薇	十六夜	薔薇
十回	十	回
十手	十	手
千古不易	千古	不易
千名	千	名
千羽鶴	千	羽
千葉県	千葉	県
千鳥	千	鳥
午前	午	前
半余矢	半	余矢
半正矢	半	正矢
半纏	半	纏
卍巴	卍	巴
卒する	卒	する
卒業試験	卒業	試験
卓球	卓	球
卓球選手	卓球	選手
南アジア語族	南アジア	語族
南アフリカ共和国	南アフリカ	共和国
南京虫	南京	虫
南京豆	南京	豆
南京錠	南京	錠
南半球	南	半球
南口	南	口
南天紋	南天	紋
南方振動	南方	振動
南樺太	南	樺太
南欧	南	欧
南海地震	南海	地震
南無妙法蓮華経	南無	妙法蓮華経
南蛮烏瓜	南蛮	烏瓜
南蛮煙管	南蛮	煙管
南象海豹	南	象海豹
南都	南	都
単一執行府論	単一	執行府	論
単一行政理論	単一	行政	理論
単価記号	単価	記号
単純林	単純	林
単純機械	単純	機械
単車	単	車
博国	広	国
博士論文	博士	論文
博物館	博物	館
卜占術	卜占	術
卯月	卯	月
印度犀	印度	犀
印画紙	印画	紙
印紙税	印紙	税
即戦力	即	戦力
卵	玉	子
卵殻	卵	殻
厄介払い	厄介	払い
厚生労働省	厚生	労働	省
原子価	原子	価
原子力潜水艦	原子力	潜水艦
原子力発電	原子力	発電
原子力船	原子力	船
原子核分裂	原子核	分裂
原子番号	原子	番号
原料	原	料
原理	原	理
原理主義	原理	主義
原生動物	原生	動物
厭世主義	厭世	主義
厭世観	厭世	観
去痰薬	去痰	薬
友好	友	好
友愛数	友愛	数
双円錐	双	円錐
双角錐	双	角錐
双魚宮	双	魚	宮
反りが合わない	反り	が	合わない
反ユダヤ主義	反	ユダヤ	主義
反射神経	反射	神経
反戦歌	反	戦歌
反発係数	反発	係数
反知性主義	反	知性主義
反社会的勢力	反社会的	勢力
反転テクトニクス	反転	テクトニクス
反陽子	反	陽子
反響定位	反響	定位
叔母	小	母
取り付く	取り	付く
取り返しがつかない	取り返し	が	付く
取り返す	取り	返す
受け付ける	受ける	付ける
受け皿	受け	皿
受動喫煙	受動	喫煙
受診	受	診
受講生	受講	生
受身形	受け身	形
叙事詩	叙事	詩
口に合う	口	に	合う
口を挟む	口	を	挟む
口付ける	口	付ける
口八丁手八丁	口	八丁	手	八丁
口吸い	口	吸い
口寄せ	口	寄せ
口承文学	口承	文学
口承文芸	口承	文芸
口裂け女	口	裂け	女
口語形	口語	形
口述試験	口述	試験
口高	口	高
古事記	古事	記
古今	古	今
古今和歌集	古今	和歌	集
古楽器	古	楽器
古武士	古	武士
古神道	古	神道
叩き付ける	叩き	付ける
叩き落とす	叩き	落とす
只働き	只	働く
召し上がる	召す	上がる
召し抱える	召し	抱える
召し替える	召し	替える
召し連れる	召し	連れる
可処分所得	可処分	所得
可愛い子ちゃん	可愛い	子
可愛がる	可愛い	がる
可能動詞	可能	動詞
可視光線	可視	光線
台パン	だい	パンチ
台湾虎	台湾	虎
台詞	競り	言ふ
右上	右	上
右下	右	下
右大臣	右	大臣
右横書き	右	横書き
右腕	右	腕
司る	官	取る
司法長官	司法	長官
吃	儘	泣き
吃驚マーク	吃驚	マーク
各方面	各	方面
合同誌	合同	誌
合意書	合意	書
合成洗剤	合成	洗剤
合挽	合い	挽
合略仮名	合略	仮名
合衆国	合	眾國
吉夢	吉	夢
吉祥天	吉祥	天
吉祥寺	吉祥	寺
同僚	同	僚
同性愛嫌悪	同性愛	嫌悪
同時通訳	同時	通訳
同期転送モード	同期	転送	モード
名乗り出る	名乗り	出る
名付ける	名	付ける
名前	名	前
名古屋弁	名古屋	弁
名残り	波	残り
名残惜しい	名残	惜しい
名無し指	名無し	指
向日葵	日	回り
君が代	君	が	代
君子の交わりは淡きこと水の如し	君子	の	交わり	は	淡き	こと	水	の
吹き抜ける	吹く	抜ける
呉竹	呉	竹
呉音	呉	音
告別式	告別	式
呑舟の魚は枝流に游がず	呑舟の魚	は	枝流	に	游がず
味噌	未	醬
呵呵大笑	呵呵	大笑
呼び出し	呼ぶ	出す
命	息	の	霊
命取り	命	取り
命名権	命名	権
命知らず	命	知らず
咀嚼筋	咀嚼	筋
和室界隈	和室	界隈
和弓	和	弓
和歌山	和歌	山
和歌山県	和歌山	県
和琴	和	琴
和語	和	語
咲き乱れる	咲く	乱れる
咳払い	咳	払い
品切れ	品	切れ
品詞	品	詞
哺乳類	哺乳	類
唐名	唐	名
唐土	唐	土
唐紅	唐	紅
唐縮緬	唐	縮緬
唐菓子	唐	菓子
唐萵苣	唐	萵苣
唐音	唐	音
唐黍	唐	黍
唸る	う	鳴る
啄む	突き	食む
商人	あき	ひと
商務省	商務	省
問うに落ちず語るに落ちる	問う	に	落ちず	語る	に	落ちる
啼兎	啼	兎
善し悪し	善し	悪し
善は急げ	善	は	急げ
喇叭水仙	喇叭	水仙
喉	飲み	門
喉ちんこ	喉	ちんこ
喉頭隆起	喉頭	隆起
喚き声	喚き	声
喚き立てる	喚き	立てる
喚語困難	喚語	困難
喧嘩を売る	喧嘩	を	売る
喧嘩を買う	喧嘩	を	買う
嗅ぎ付ける	嗅ぐ	付ける
嗅ぎ回る	嗅ぐ	回る
嗅覚器官	嗅覚	器官
嘉仁	嘉	仁
嘘っぽい	嘘	っぽい
嘲す	嘲	す
嘲笑う	嘲	笑う
噂	上	さ
噂をすれば	噂	を	すれば
噂話	噂	話
噛みこなす	噛み	こなす
噛み締める	噛み	締める
四つの自由	四つ	の	自由
四つ葉のクローバー	四つ葉	の	クローバー
四人	四	人
四回	四	回
四天王	四	天王
四暗刻	四	暗刻
四畳半	四	畳	半
四苦八苦	四苦	八苦
四面体	四面	体
四面体凧	四面体	凧
四面体形分子構造	四面体	形	分子	構造
四面半六面体	四面	半	六面体
因果応報	因果	応報
固唾を呑む	固唾	を	呑む
固有名詞	固有	名詞
国内	国	内
国内総生産	国内	総	生産
国士無双	国士	無双
国民	国	民
国民投票	国民	投票
国民議会	国民	議会
国訓	国	訓
国語	国	語
国語辞典	国語	辞典
国際単位系	国際	単位系
国際原子力機関	国際	原子力	機関
国際量子科学技術年	国際	量子	科学	技術	年
国際関係	国際	関係
土人形	土	人形
土偶	土	偶
土器	瓦	笥
土地鑑	土地	鑑
土壌汚染	土壌	汚染
土曜日	土曜	日
土気	土	気
土産	宮	笥
土砂崩れ	土砂	崩れ
土砂降り	土砂	降り
土蜘蛛	土	蜘蛛
圧力計	圧力	計
在留カード	在留	カード
地上絵	地上	絵
地下室	地下	室
地下水汚染	地下水	汚染
地下線	地下	線
地下自由通路	地下	自由	通路
地下鉄道	地下	鉄道
地図帳	地図	帳
地対空ミサイル	地対空	ミサイル
地震	地	震い
坂道	坂	道
坤	未	申
垂れ目	垂れ	目
型録	型	録
城	石	城
執り行う	執り	行き
埼玉県	埼玉	県
堀川	掘る	川
堆積岩	堆積	岩
堕天使	堕	天使
報復関税	報復	関税
報道の自由	報道	の	自由
報道陣	報道	陣
場札	場	札
塗り薬	塗り	薬
塩基	塩	基
塩基対	塩基	対
塩基性酸化物	塩基性	酸化物
塩屋	塩	屋
墓前	墓	前
墓地	墓	地
墓場	墓	場
墓石	墓	石
壁紙	壁	紙
声帯	声	帯
声豚	声	豚
売り出し	売り	出し
売り切れる	売り	切れる
売り場	売り	場
売り捌く	売り	捌く
売れ行き	売れ	行き
売上げ	売り	上げ
売春婦	売春	婦
変てこ	変	てこ
変わり身	変わり	身
変イ短調	変	イ	短調
変イ長調	変	イ	長調
変ト長調	変	ト	長調
変ニ長調	変	ニ	長調
変ハ長調	変	ハ	長調
変ヘ長調	変	ヘ	長調
変ホ短調	変	ホ	短調
変ホ長調	変	ホ	長調
変ロ短調	変	ロ	短調
変ロ長調	変	ロ	長調
変体仮名	変体	仮名
変化	変	化
変成岩	変成	岩
変換ミス	変換	ミス
変数	変	数
変更届	変更	届
変格	変	格
変速レバー	変速	レバー
変速装置	変速	装置
夏ばて	夏	ばて
夏椿	夏	椿
夕ご飯	夕	御飯
夕立は馬の背を分ける	夕立	は	馬の背	を	分ける
外	背	外
外つ国	外	つ	国
外信部	外信	部
外法	外	法
多次元配列	多次元	配列
多重国籍	多重	国籍
多重継承	多重	継承
多頭政治	多頭	政治
夜伽	夜	伽
夜咲睡蓮	夜	咲	睡蓮
夜汽車	夜	汽車
夜船	夜	船
夜行列車	夜行	列車
夜雨	夜	雨
夜露死苦	夜	露	死	苦
夢	寝	目
夢物語	夢	物語
夢見る	夢	見る
大きいお友達	大きい	お	友達
大きなお友達	大きな	お	友達
大した	大	した
大アナコンダ	大	アナコンダ
大アルマジロ	大	アルマジロ
大リーグ	大	リーグ
大三元	大	三元
大便	大	便
大倭根子天皇	大倭	根子	の	天皇
大冒険	大	冒険
大出血	大	出血
大分県	大分	県
大勲位	大	勲位
大口バス	大	口	バス
大后	大	后
大和	大	和
大和琴	大和	琴
大四喜	大	四喜和
大国主	大	国	主
大土蜘蛛	大	土蜘蛛
大地震	大	地震
大坂	大	坂
大坐します	大	益す
大女子	大	女子
大好き	大	好き
大安吉日	大安	吉日
大家族	大	家族
大将軍	大	将軍
大小	大	小
大山猫	大	山猫
大山祇	大	山	つ	神
大山積命	大	山	つ	神	の	命
大山積神	大	山	つ	神	の	神
大山鼠	大	山鼠
大幅	大	幅
大弓	大	弓
大晦	大	晦
大晦日	大	三十日
大本	大	本
大東亜戦争	大東亜	戦争
大根役者	大根	役者
大気圏	大気	圏
大気汚染	大気	汚染
大気汚染防止法	大気汚染	防止	法
大水	大	水
大津	大	津
大海烏	大	海烏
大海馬	大	海馬
大王烏賊	大王	烏賊
大瑠璃	大	瑠璃
大白鳥	大	白鳥
大目白鮫	大	目白鮫
大相撲	大	相撲
大納言	大	納言
大統領警護処	大統領	警護	処
大脳生理学	大脳	生理学
大腿四頭筋	大腿	四頭筋
大腿筋膜	大腿	筋膜
大臣	大	臣
大英帝国	大	英	帝国
大蒜	大	蒜
大蚊	蚊々	の	母
大蛇	尾ろ	霊
大蟻食	大	蟻食
大袈裟	大	袈裟
大規模	大	規模
大逆罪	大逆	罪
大道具	大	道具
大道商人	大道	商人
大部分	大	部分
大阪	大	阪
大阪府	大阪	府
大雑把	大	薪雑把
大雨	大	雨
大震災	大	震災
大魚	大	魚
大鰐鮫	大	鰐	鮫
大鷲	大	鷲
大鹿	大	鹿
天が下	天	が	下
天の下	天	の	下
天下り	天	下り
天体	天	体
天南	天	南
天叢雲剣	天	の	叢雲	の	剣
天変地異	天変	地異
天文単位	天文	単位
天津麻羅	天	つ	まら
天然惚け	天然	惚け
天然痘	天然	痘
天照	天	照らす
天皇誕生日	天皇	誕生日
天皇陛下	天皇	陛下
天皇陛下万歳	天皇陛下	万歳
天秤棒	天秤	棒
天竺楽	天竺	楽
天罰覿面	天罰	覿面
天草	天	草
天蝎宮	天	蝎	宮
天象儀	天象	儀
天道虫	天道	虫
天鈿女	天	の	鈿女
天馬	天	馬
太平洋戦争	太平洋	戦争
太平洋標準時	太平洋	標準時
太政	大	政
太政大臣	太政	大臣
太政官	太政	官
太郎	太	郎
太陽系儀	太陽系	儀
太陽電池	太陽	電池
太鼓	太	鼓
太鼓腹	太鼓	腹
失念	失	念
失敬千万	失敬	千万
失礼千万	失礼	千万
奄美野黒兎	奄美	野	黒	兎
奇跡劇	奇跡	劇
奈良山	奈良	山
奈良時代	奈良	時代
奈良県	奈良	県
奥義	奥	義
女の子	女	の	子
女クラ	女子	クラスルーム
女体盛り	女体	盛り
女子	女	子
女家長	女	家長
女将	御	上
女形	女	形
女房詞	女房	言葉
女手	女	手
女教皇	女	教皇
女族長	女	族長
女武芸者	女	武芸者
女物	女	物
女神	女	の	神
女郎花	女	圧し
女魔法師	女	魔法	師
奴智鮫	奴	智	鮫
好きバレ	好き	ばれ
好むと好まざるとにかかわらず	好む	と	好まざる	と	に	かかわらず
如何	い	か
如何わしい	如何	しい
如意宝珠	如意	宝珠
如月	如	月
妹分	妹	分
姉	吾	の	兄
姉分	姉	分
姉羽鶴	姉	羽	鶴
姓名	姓	名
委員長	委員	長
姥鮫	姥	鮫
姫	日	女
姫アルマジロ	姫	アルマジロ
姫君	姫	君
姫海亀	姫	海亀
姫遊び	姫	の	遊び
娘	生す	女
婚文	夜這い	文
婦人服	婦人	服
媚薬	媚	薬
嬉し泣き	嬉し	泣き
嬢ちゃん	嬢	ちゃん
嬰イ短調	嬰	イ	短調
嬰イ長調	嬰	イ	長調
嬰ト短調	嬰	ト	短調
嬰ト長調	嬰	ト	長調
嬰ニ短調	嬰	ニ	短調
嬰ハ短調	嬰	ハ	短調
嬰ハ長調	嬰	ハ	長調
嬰ヘ短調	嬰	ヘ	短調
嬰ヘ長調	嬰	ヘ	長調
子ども部屋おじさん	子ども	部屋	おじさん
子供部屋おじさん	子供	部屋	おじさん
子守熊	子守り	熊
子守鮫	子守	鮫
子泣き爺	子	泣	爺
子犬	子	犬
子獅子	子	獅子
子鹿	子	鹿
字音仮名遣い	字音	仮名遣い
季節外れ	季節	外れ
学術書	学術	書
学食	学生	食堂
宅録	宅	録
宇宙飛行	宇宙	飛行
守らう	守ら	ふ
守り人	守り	人
守護神	守護	神
守銭奴	守	銭	奴
安価	安	価
安全ピン	安全	ピン
安全ベルト	安全	ベルト
安全第一	安全	第一
安全網	安全	網
安心立命	安心	立命
安月給	安	月給
安楽死	安楽	死
宋音	宋	音
完了形	完了	形
完了時制	完了	時制
宗主権	宗主	権
宗教団体	宗教	団体
官奴司	官奴	司
定めない	定め	無い
定冠詞	定	冠詞
定型詩	定型	詩
定旋律	定	旋律
定礎式	定礎	式
宝瓶宮	宝	瓶	宮
宝生如来	宝生	如来
宝箱	宝	箱
実るほど頭の下がる稲穂かな	実る	ほど	頭	の	下がる	稲穂	かな
実在論	実在	論
実施例	実施	例
実蠅	実	蠅
実行権	実行	権
実質経済成長率	実質経済成長	率
実験小説	実験	小説
実験材料	実験	材料
実験段階	実験	段階
実験装置	実験	装置
室内コート	室内	コート
室内ソナタ	室内	ソナタ
室内楽	室内	楽
室内装飾	室内	装飾
室内遊戯	室内	遊戯
室町	室	町
宥和	宥	和
宥和政策	宥和	政策
宮仕え	宮	仕え
宮城県	宮城	県
宮崎県	宮崎	県
家兎	家	兎
家庭料理	家庭	料理
家持ち	家	持ち
家禽類	家禽	類
家紋	家	紋
家鴨	足	広
容易い	た	易い
宿借り	宿	借り
宿舎	宿	舎
寄せ集める	寄せ	集める
密教	密	教
富士山	富士	山
富山県	富山	県
寒帯	寒	帯
寝そべる	寝	そべる
寝ぬ	寝	寝
寝ゲロ	寝	ゲロ
寝取る	寝	取る
寝台列車	寝台	列車
寝坊	寝	坊
寝巻き	寝間	着
寝床	寝	床
寝椅子	寝	椅子
寝物語	寝	物語
寝粉	寝	粉
寝衣	寝	衣
寝袋	寝	袋
寝間	寝	間
寡頭制	寡	頭	制
審査員	審査	員
審美眼	審美	眼
対局時計	対局	時計
対岸の火事	対岸	の	火事
対米外国投資委員会	対米	外国	投資	委員会
対訳本	対	訳本
対費用効果	費用	対	効果
寿	言	祝く
射場	射	場
尊	御	事
尊王論	尊	王	論
尊皇論	尊	皇	論
小三元	小	三元
小人カイマン	小人	カイマン
小倉百人一首	小倉	百人一首
小児	小	児
小児科医	小児	科	医
小冊子	小	冊子
小刀	小	刀
小判鮫	小判	鮫
小刻み	小	刻み
小口	小	口
小四喜	小	四喜和
小坂	小	坂
小坊	小	坊
小夜曲	小夜	曲
小女子	小	女子
小帯	小	帯
小幅	小	幅
小指	小	指
小柄	小	柄
小槌	小	槌
小毛綿鴨	小	毛綿鴨
小泉	小	泉
小泉進次郎構文	小泉進次郎	構文
小浜	小	浜
小熊座	小	熊
小犬座	小	犬
小瑠璃	小	瑠璃
小白鳥	小	白鳥
小石	小	石
小確幸	小	確	幸
小蜈蚣	小	蜈蚣
小蝶鮫	小	蝶鮫
小袖	小	袖
小説	小	説
小道具	小	道具
小酒	小	酒
小量	小	量
小金目梟	小	金目梟
小銃	小	銃
小鍋	小	鍋
小鍋立て	小鍋	立て
小阪	小	坂
小雨	小	雨
小鯨	小	鯨
小鳥	小	鳥
少しも	少し	も
少女	乙	女
少年兵	少年	兵
少林寺	少林	寺
少納言	少	納言
尖鼠	尖り	鼠
尰	おめ	足, 脚
就職口	就職	口
尺	竹	測り
尺一	尺	一
尻取り	尻	取り
尻叩き	尻	叩く
尻尾	尻	尾
尻尾を出す	尻尾	を	出す
尻尾を巻く	尻尾	を	巻く
尻尾を振る	尻尾	を	振る
尻尾を掴む	尻尾	を	掴む
尾巻錦蛇	尾	巻	錦蛇
尾根	尾	根
尾状核	尾状	核
尾状花序	尾状	花序
尾白砂狐	尾	白	砂	狐
尾部銃手	尾部	銃手
尾長梟	尾	長	梟
尾長猿	尾	長	猿
尾長鮫	尾	長	鮫
尾長鴨	尾	長	鴨
尾長鶏	尾	長	鶏
尾高型	尾高	型
尾黒目白鮫	尾	黒	目白鮫
尿袋	尿	袋
屁負比丘尼	屁	負い	比丘尼
居場所	居	場所
居留地	居留	地
居酒屋	居	酒	屋
屈曲位	屈曲	位
屋台店	屋台	店
層状含銅硫化鉄鉱鉱床	層状	含	銅	硫化	鉄鉱	鉱床
山井	山	井
山原	山	原
山原水鶏	山原	水鶏
山口	山	口
山口県	山口	県
山城	山	城
山姥	山	姥
山寺	山	寺
山小屋	山	小屋
山山葵	山	山葵
山崩れ	山	崩れ
山形県	山形	県
山括弧	山	括弧
山札	山	札
山梨	山	梨
山梨県	山梨	県
山水牛	山	水牛
山海の珍味	山海	の	珍味
山火事	山	火事
山犬	山	犬
山田	山	田
山縞馬	山	縞馬
山茶花	山茶	花
山葵大根	山葵	大根
山路	山	路
山高帽	山	高	帽
山高帽子	山	高	帽子
山鳩	山	鳩
山鼠	山	鼠
岐阜県	岐阜	県
岡山県	岡山	県
岡目八目	岡目	八目
岩ワラビー	岩	ワラビー
岩手県	岩手	県
峙つ	稜	立つ
島国	島	国
島外人	島外	人
島根県	島根	県
嵐	荒ら	風
巌	岩	秀
川下	川	下
川下り	川	下り
川中島	川中	島
川瀬	川	瀬
川獺	川	獺
川蜘蛛	川	蜘蛛
川蝉	川	蝉
左上	左	上
左下	左	下
左側通行	左側	通行
左利き	左	利き
左大臣	左	大臣
左手	左	手
左様	然	様
巨蟹宮	巨	蟹	宮
巫	神	和ぎ
己	土	の	弟
已己巳己	已	己	巳	己
巴	鞆	絵
巻物	巻く	物
巽	辰	巳
巾着	巾	着
市内電車	市内	電車
市民権	市民	権
市章	市	章
市電	市営	電車
布袋腹	布袋	腹
帆布	帆	布
帆木綿	帆	木綿
希有	希	有
帝国主義	帝国	主義
帝国大学	帝国	大学
帝国議会	帝国	議会
帝國議會	帝國	議會
帝王切開	帝王	切開
帰りの会	帰り	の	会
帰日	帰	日
帰羅	帰	羅
帰阪	帰	阪
帳台	帳	台
帷子	片	枚
常に	常	に
常套句	常套	句
常套手段	常套	手段
常温核融合	常温	核	融合
常用外漢字	常用	外
常用対数	常用	対数
常用手段	常用	手段
常用漢字	常用	漢字
常盤	常	岩
常磐	常	岩
幕僚長	幕僚	長
幣	御	手	座
干し柿	干し	柿
干満	干	満
平ちゃら	平	ちゃら
平ら	た	平
平仮名	平	仮名
平和条約	平和	条約
平和維持	平和	維持
平城	平	城
平安	平	安
平成の大合併	平成	大	合併
平板式	平板	式
平泳ぎ	平	泳ぎ
平田海亀	平たい	海亀
年を重ねる	年	を	重ねる
年上	年	上
年下	年	下
年代記	年代	記
年次有給休暇	年次	有給	休暇
年魚	年	魚
幸い	幸	這う
幸運の女神	幸運	の	女神
幼い	長	無い
幼児好き	幼児	好き
幼稚園	幼稚	園
幽霊の正体見たり枯れ尾花	幽霊	の	正体	見たり	枯れ尾花
幽霊文字	幽霊	文字
幾久	幾	久
幾何光学	幾何	光学
幾何画法	幾何	画法
幾何異性	幾何	異性
幾何異性体	幾何異性	体
幾許	幾	ば	く
広場恐怖症	広場	恐怖症
広島県	広島	県
広目天	広	目	天
床板	床	板
床虫	床	虫
床虱	床	虱
序詞	序	言葉
底冷え	底	冷え
底力	底	力
底抜け	底	抜け
庚	金	の	兄
度肝を抜く	度肝	を	抜く
座敷	座	敷
座敷牢	座敷	牢
座敷童	座敷	童
座頭	座	頭
庭球	庭	球
廃ビル	廃	ビル
廃工場	廃	工場
廃道	廃	道
延長	延	長
延長戦	延長	戦
建て網	建てる	網
建白書	建白	書
建築士	建築	士
建設現場	建設	現場
式神	式	神
弓は袋に太刀は鞘	弓	は	袋	に	太刀	は	鞘
弓弦	弓	弦
引きこもり	引き	籠もり
引き付ける	引き	付ける
引き出す	引き	出す
引き払う	引き	払う
引き眉	引く	眉
引き金を引く	引き金	を	引く
引け目を感じる	引け目	を	感じる
引っ込み思案	引っ込み	思案
弘法大師	弘法	大師
弟	弟	人
弟分	弟	分
弟鷹	弟	鷹
弥勒菩薩	弥勒	菩薩
弱みを握る	弱み	を	握る
弱者男性	弱者	男性
弱音を吐く	弱音	を	吐く
張り子	張り	子
強か	したた	か
強迫性障害	強迫性	障害
弾きこなす	弾き	こなす
弾き出す	弾き	出す
弾丸	弾	丸
弾丸列車	弾丸	列車
弾道ミサイル	弾道	ミサイル
当たって砕けろ	当たって	砕けろ
当てにする	当て	に	する
当てになる	当て	に	なる
当てもない	当て	も	ない
当用漢字	当用	漢字
当社	当	社
当行	当	行
当選確実	当選	確実
当駅	当	駅
形	形	ち
形代	形	代
形作る	形	作る
形勢逆転	形勢	逆転
形態素	形態	素
彦	日	子
影も形もない	影	も	形	も	ない
影武者	影	武者
影法師	影	法師
役満貫	役	満貫
役立たず	役	立たず
彼	彼	れ
彼処	彼	し	処
彼女	彼の	女
彼奴	彼	奴
彼方	彼	な	た
彼氏	彼	氏
征夷大将軍	征夷	大将軍
征東大将軍	征東	大将軍
征西大将軍	征西	大将軍
待ち伏せ	待ち	伏せ
律令	律	令
後	尻	方
後撰和歌集	後	撰	和歌	集
後置記法	後置	記法
後背位	後背	位
後進国	後進	国
後部銃手	後部	銃手
後頭	後	頭
得意気	得意	気
御中	御	中
御国	御	国
御報せ	御	報せ
御嶽	御	嶽
御役御免	御	役	御免
御意	御	意
御手洗	御	手	洗
御札	御	札
御殻	御	殻
御知らせ	御	知らせ
御社	御	社
御神木	御	神木
御神酒	御	神酒
御籠もり	御	籠もり
御降誕	御	降誕
御霊	御	魂
御飯	御	飯
御馳走	御	馳走
微分幾何	微分	幾何
微塵子	微塵	子
微睡む	目	とろむ
微笑む	頬	笑む
徳島県	徳島	県
心が弾む	心	が	弾む
心が晴れる	心	が	晴れる
心する	心	す
心に残る	心	に	残る
心に留める	心	に	留める
心を奪う	心	を	奪う
心を引く	心	を	引く
心を痛める	心	を	痛める
心を籠める	心	を	籠める
心を鬼にする	心	を	鬼	に	する
心悸亢進	心悸	亢進
心拍出量	心拍	出量
心拍計	心拍	計
心持ち	心	持ち
必殺技	必殺	技
必須アミノ酸	必須	アミノ酸
必須脂肪酸	必須	脂肪酸
忍びの者	忍び	の	者
忍刀	忍	刀
忍法	忍	法
忍者刀	忍者	刀
忍耐強い	忍耐	強い
忍術	忍	術
志す	心	指す
志望動機	志望	動機
忘れ形見	忘れ	形見
忠臣	忠	臣
快い	心	良い
快刀乱麻を断つ	快刀	乱麻	を	断つ
念頭に置く	念頭	に	置く
怒りを遷す	怒り	を	遷す
思いの外	思い	の	外
思想の自由	思想	の	自由
急性灰白髄炎	急性	灰白	髄	炎
急火	急	火
性ホルモン	性	ホルモン
性処理	性	処理
性同一性	性	同一性
性同一性障害	性同一性	障害
性役割	性	役割
性徴	性	徴
性感帯	性感	帯
性科学	性	科学
性衝動	性	衝動
性転換	性	転換
怪盗	怪	盗
恋愛事件	恋愛	事件
恋文	恋	文
恐竜	恐	竜
恥知らず	恥	知る
恨みを晴らす	恨み	を	晴らす
恩知らず	恩	知らず
息を引き取る	息	を	引き取る
息災	息	災
恵子	恵	子
恵方参り	恵方	参り
悪循環	悪	循環
悪戯書き	悪戯	書き
悪気	悪	気
悪目	悪	目
悪趣味	悪	趣味
悲鳴を上げる	悲鳴	を	上げる
情緒不安定	情緒	不安定
惑星	惑	星
想像を絶する	想像	を	絶する
意味論	意味	論
意気地	意気	地
意気投合	意気	投合
意識高い系	意識	高い	系
意趣返し	意趣	返し
愛	真	な
愛でたい	愛で	甚し
愛らしい	愛	らしい
愛唱歌	愛唱	歌
愛弟子	愛	弟子
愛玩動物	愛玩	動物
愛知県	愛知	県
愛社精神	愛社	精神
感じる	感	する
感ずる	感	する
感傷主義	感傷	主義
感嘆符	感嘆	符
感情移入	感情	移入
感激屋	感激	屋
慇懃丁重	慇懃	丁重
慇懃無礼	慇懃	無礼
慈悲深い	慈悲	深い
慌てふためく	慌てる	ふためく
慣れ親しむ	慣れ	親しむ
慣用音	慣用	音
慰安婦	慰安	婦
憂鬱症	憂鬱	症
憲兵	憲	兵
懐中時計	懐中	時計
懐剣	懐	剣
懐石料理	懐石	料理
懸念材料	懸念	材料
懸想文	懸想	文
戊	土	の	兄
成人式	成人	式
成文	成り	文
成桂	なり	桂
成銀	なり	銀
成長ホルモン	成長	ホルモン
成香	なり	香
我が国	我	が	国
戦争犯罪	戦争	犯罪
戦国	戦	国
戦闘服	戦闘	服
戯言	戯ける	言
所で	所	で
所得税	所得	税
所有権	所有	権
扁桃腺炎	扁桃腺	炎
扉	戸	片
手を休める	手	を	休める
手並み	手	並み
手信号	手	信号
手刀打ち	手刀	打ち
手前	手	前
手向かう	手	向かう
手帳	手	帳
手弱女振り	手弱女	振り
手当り次第	手当り	次第
手忠実	手	忠実
手抜き	手	抜き
手拭い	手	拭い
手斧	手	斧
手札	手	札
手榴弾	手	榴弾
手甲	手	甲
手甲鉤	手甲	鉤
手目	手	目
手紙	手	紙
手荷物	手	荷物
手袋	手	袋
手錠	手	錠
手鎖	手	錠
手鏡	手	鏡
手間賃	手間	賃
打ち切る	打ち	切る
打ち壊す	打ち	壊す
打ち所が悪い	打ち所	が	悪い
打ち払う	打ち	払う
打っ潰す	打つ	潰す
打開策	打開	策
承る	受ける	賜る
把手	取り	手
抒情詩	抒情	詩
投げ縄	投げ	縄
抗生物質	抗生	物質
折に触れて	折	に	触れて
折鶴	折る	鶴
披露宴	披露	宴
抱擁	抱	擁
押し切る	押し	切る
抽象代数学	抽象	代数学
抽象名詞	抽象	名詞
担当医	担当	医
拍子木	拍子	木
拒否る	拒否	る
拘る	こ	たわる
招き猫	招く	猫
招縄	招き	縄
拡張子	拡張	子
拾遺和歌集	拾遺	和歌	集
持ち来る	持ち	来る
持ち直す	持ち	直す
持ち込む	持つ	込む
持世菩薩	持世	菩薩
指サック	指	サック
指示形容詞	指示	形容詞
指貫	指	貫
指輪	指	輪
振り仮名	振り	仮名
振り漢字	振り	漢字
振替休日	振替	休日
振袖	振	袖
捌け口	捌け	口
捻り潰す	捻る	潰す
授ける	さ	付ける
掠め取る	掠め	とる
推定無罪	推定	無罪
掬い投げ	掬い	投げ
掬い網	掬い	網
掲示板	掲示	板
掴む	束	む
描く	絵	書く
提げ物	提げ	物
提灯お化け	提灯	お化け
提灯鮟鱇	提灯	鮟鱇
揚子江アリゲーター	揚子江	アリゲーター
揚子江河海豚	揚子江	河海豚
揚子江鰐	揚子江	鰐
揺り籠	揺	籠
損益分岐点	損益	分岐点
搾乳	搾	乳
搾乳機器	搾乳	機器
摩る	さ	擦る
撞木鮫	撞木	鮫
操縦士	操縦	士
操縦桿	操縦	桿
擒	取り	子
擦り傷	擦り	傷
擦る	こ	擦る
支那蕎麦	支那	蕎麦
支那薄色海豚	支那	薄色海豚
支那通	支那	通
支障をきたす	支障	を	きたす
改新	改	新
改札口	改札	口
攻撃犬	攻撃	犬
放射性降下物	放射性	降下	物
放射線量計	放射線量	計
放射能汚染	放射能	汚染
放物線	抛物	線
放電	放	電
政	祭り	事
政府効率化省	政府	効率化	省
政権交代	政権	交代
故に	ゆえ	に
救助犬	救助	犬
救護班	救護	班
教会ソナタ	教会	ソナタ
教科	教	科
教育界	教育	界
数珠掛鳩	数珠	掛	鳩
数秘術	数秘	術
文化史	文化	史
文化遺産	文化	遺産
文字化け	文字	化け
文学史	文学	史
文房四宝	文房	四	寶
文明開化	文明	開化
文書	文	書
文無し	文	無し
文語形	文語	形
斑入海豹	斑入り	海豹
料理屋	料理	屋
斜筋	斜	筋
斜辺	斜	辺
断ち切る	断つ	切る
断る	言	割る
断面積	断面	面積
断食	断	食
斯かる	斯く	ある
新し	新た	し
新しい生活様式	新しい	生活様式
新た	新	た
新世界猿	新世界	猿
新勅撰和歌集	新	勅撰和歌集
新古今和歌集	新	古今和歌集
新型	新	型
新型肺炎	新型	肺炎
新妻	新	妻
新婚旅行	新婚	旅行
新字体	新	字体
新居	新	居
新年	新	年
新幹線	新	幹線
新手	新	手
新撰万葉集	新撰	万葉集
新潟	新	潟
新潟県	新潟	県
新羅琴	新羅	琴
新興国	新興	国
新車	新	車
新選組	新選	組
新顔	新	顔
方位角	方位	角
方向音痴	方向	音痴
方言札	方言	札
旅に出る	旅	に	出る
旅立ち	旅	立ち
旅行証明書	旅行	証明書
旅行鳩	旅行	鳩
旅路	旅	路
旗艦	旗	艦
既婚	既	婚
既成事実	既成	事実
日の下	日	の	下
日の丸	日	の	丸
日を追う	日	を	追う
日中	日	中
日光浴	日光	浴
日勤教育	日勤	教育
日向	日	な	た
日向国	日向	の	国
日和	日	寄り
日射病	日射	病
日帰り	日	帰り
日持ち	日	持ち
日曜日	日曜	日
日本	日	本
日本井守	日本	井守
日本料理	日本	料理
日本標準時	日本	標準時
日本水仙	日本	水仙
日本薄荷	日本	薄荷
日本語能力試験	日本語	能力	試験
日本野兎	日本	野兎
日本銀行	日本	銀行
日本鹿	日本	鹿
日清戦争	日清	戦争
日照り	日	照り
日照り雨	日照り	雨
日立	日	立つ
日露戦争	日露	戦争
旧ソ連	旧	ソ連
旧世界猿	旧世界	猿
旧人	旧	人
旧制	旧	制
旧字体	旧	字体
旧居	旧	居
旧式	旧	式
旧態	旧	態
旨味	旨	み
早合点	早	合点
早寝早起き	早寝	早起き
早稲田	早稲	田
早起きは三文の徳	早起き	は	三	文	の	徳
早飲み込み	早	飲み込み
昆布締め	昆布	締め
昆布茶	昆布	茶
明け暮れる	明け	暮れる
明るい	明る	し
明太子	명태	子
明後日	明後	日
明明後日	し	明後日
明治の大合併	明治	大	合併
星明かり	星	明かり
星鮫	星	鮫
春日	春	日
春本	春	本
春祭り	春	祭り
春秋	春	秋
春菊	春	菊
春菜	春	菜
春闘	春	闘
春雨	春	雨
昨夜	夜	辺
昭和の大合併	しょうわ	大	合併
昭和元禄	昭和	元禄
是枝	これ	枝
昼ご飯	昼	御飯
昼メロ	昼	メロ
昼間	昼	間
昼飯	昼	飯
時	常	い
時代劇	時代	劇
時計草	時計	草
時間をつぶす	時間	を	潰す
時間切れ	時間	切れ
時間計算量	時間	計算量
普茶	普	茶
普賢菩薩	普	賢	菩薩
普通名詞	普通	名詞
暖簾に腕押し	暖簾	に	腕	押し
暗中模索	暗中	模索
暗闇	暗	闇
暮らしを立てる	暮らし	を	立てる
暮れ泥む	暮れ	泥む
暴言を吐く	暴言	を	吐く
曙	明け	仄
曙色	曙	色
曝け出す	曝け	出す
曲る	曲	る
曲線美	曲線	美
書き下し文	書き下し	文
書き起こし	書き	起こし
最上	最	上
最上級	最	上級
最下	最	下
最下位	最	下位
最初	最	初
最古	最	古
最善	最	善
最善を尽くす	最善	を	尽くす
最多	最	多
最大	最	大
最大公約数	最大	公	約数
最寄駅	最寄	駅
最小	最	小
最小公倍数	最小	公	倍数
最小公分母	最小	公	分母
最少	最	少
最恵国	最	恵	国
最悪	最	悪
最愛	最	愛
最新	最	新
最果て	最	果て
最終	最	終
最終戦	最終	戦
最近	最	近
最長	最	長
最高	最	高
最高経営責任者	最高	経営	責任者
月と鼈	月	と	鼈
月の船	月	の	船
月の輪熊	月の輪	の	熊
月夜	月	夜
月日	月	日
月曜日	月曜	日
月見	月	見
月見里	月見	里
有り得ない	有る	得ない
有り難し	有り	難し
有声	有	声
有声音	有声	音
有意義	有	意義
有明	あり	明け
有明月	有明	月
有給休暇	有給	休暇
有角神	有角	神
望むところ	望む	ところ
朝の会	朝	の	会
朝寝	朝	寝
朝寝坊	朝	寝坊
朝敵	朝	敵
朝日	朝	日
朝臣	朝	臣
朝飯	朝	飯
朝飯前	朝飯	前
朝鮮人参	朝鮮	人参
朝鮮戦争	朝鮮	戦争
朧	凡	ろ
朧月	朧	月
朧月夜	朧月	夜
木偶の坊	木偶	の	坊
木屋町	木屋	町
木履	木	履
木曜日	木曜	日
木漏れ日	木	漏れ	日
木炭画	木炭	画
木炭紙	木炭	紙
木炭自動車	木炭	自動車
木登カンガルー	木登り	カンガルー
木綿	木	綿
木肌	木	肌
木花開耶姫	木	の	花	咲く	や	姫
木菟	耳	付く
木陰	木	陰
未来	未	来
末っ子	末	子
末尾再帰	末尾	再帰
末尾呼び出し	末尾	呼び出し
末恐ろしい	末	恐ろしい
末梢神経系	末梢	神経系
本動詞	本	動詞
本土狸	本土	狸
本塁	本	塁
本塁打	本塁	打
本曲	本	曲
本真	本	真
本著	本	著
朱鷺	朱	鷺
朱鷺嘴鳧	朱鷺	嘴	鳧
李	酸	桃
杏仁豆腐	杏仁	豆腐
杜父魚	河	鹿
来る日	来る	日
来京	来	京
来月	来	月
来週	来	週
来阪	来	阪
東ドイツ	東	ドイツ
東ヨーロッパ	東	ヨーロッパ
東京	東	京
東京都	東京	都
東側諸国	東側	諸国
東北地方	東北	地方
東北弁	東北	弁
東南海地震	東南海	地震
東口	東	口
東日本大震災	東日本	大震災
東海地震	東海	地震
東風	東	風
松の皮	松	の	皮
松平	松	平
松脂	松	脂
松脂油	松脂	油
松葉崩し	松葉	崩し
枕営業	枕	営業
枕木	枕	木
枕詞	枕	詞
果てしない	果てし	ない
果樹園	果樹	園
果物	木	だ	物
果糖	果	糖
枝角羚羊	枝角	羚羊
枡記号	枡	記号
枢軸側	枢軸	側
枯れ尾花	枯れ	尾花
柱時計	柱	時計
柳	矢	な	木
柴犬	柴	犬
査収	査	収
柿原	柿	原
栃	木	万
栃木県	栃木	県
栃葉人参	栃	葉	人参
栄養不良	栄養	不良
栄養不足	栄養	不足
栄養失調	栄養	失調
栓抜き	栓	抜き
株主総会	株主	総会
株式会社	株式	会社
株札	カブ	札
核融合	核	融合
根も葉もない	根	も	葉	も	ない
根付	根	付け
根付き魚	根付き	魚
根刮ぎ	根	刮ぐ
根性を入れ換える	根性	を	入れ換える
根比べ	根	比べる
根絶やし	根	絶やし
根魚	根	魚
格好いい	格好	良い
格闘ゲーム	格闘	ゲーム
格闘技	格闘	技
桂	香	出
桂花茶	桂花	茶
桂馬	桂	馬
桃果	桃	果
桃花	桃	花
桐ヶ谷	桐	が	谷
桜	咲く	等
桜ん坊	桜	の	坊
桜チーズ	桜	チーズ
桜島	桜	島
桜月	桜	月
桜木	桜	木
桜田	桜	田
桜花	桜	花
桜餅	桜	餅
桶	麻	笥
梁	内	張り
梅干し	梅	干し
梓弓	梓	弓
棋院	棋	院
棒渦巻銀河	棒	渦巻銀河
棒高跳	棒	高跳び
棗椰子	棗	椰子
森林公園	森林	公園
森林火災	森林	火災
森羅万象	森羅	万象
植え付ける	植え	付ける
植え物	植え	物
植木	植え	木
植民地	植民	地
植物人間	植物	人間
植物状態	植物	状態
椎茸	椎	茸
椰子糖	椰子	糖
椰子蟹	椰子	蟹
楚割	楚	割り
楣	目	種
業を沸かす	業	を	沸かす
楯突く	楯	突く
楽天観	楽天	観
榊原	榊	原
榎	榎	の	木
榎茸	榎	茸
榴弾砲	榴弾	砲
構文論	構文	論
樋熊	樋	熊
標準入力	標準	入力
標準出力	標準	出力
権少納言	権	少納言
横幅	横	幅
横材	横	材
横波	横	波
横笛	横	笛
横筋ジャッカル	横	条	ジャッカル
横雨	横	雨
樹雨	樹	雨
橋詰	橋	詰め
橘	立ち	花
機体	機	体
機械翻訳	機械	翻訳
機種依存文字	機種	依存	文字
機関銃	機関	銃
檜	火	の	木
欄間	欄	間
次女	次	女
次子	次	子
次男	次	男
欲す	欲る	す
欲張る	欲	張る
歌ガルタ	歌	カルタ
歌姫	歌	姫
歌舞伎町	歌舞伎	町
止むに止まれぬ	止む	に	止まれぬ
止めを刺す	止め	を	刺す
正しい	直	し
正夢	正	夢
正常位	正常	位
正念場	正念	場
正規表現	正規	表現
武器術	武器	術
武士	物	の	ふ
武智	高	市
武漢ウイルス	武漢	ウイルス
武装親衛隊	武装	親衛隊
歩き巫女	歩き	巫女
歩子	歩	子
歩幅	歩	幅
歩数計	歩数	計
歯ブラシ	歯	ブラシ
歯医者	歯	医者
歯向かう	歯	向かう
歯擦音	歯	擦音
歯止め	歯	止め
歯止めがかかる	歯止め	が	かかる
歯痒い	歯	痒い
歯磨き粉	歯磨き	粉
歯齦炎	歯齦	炎
歴史的仮名遣い	歴史的	仮名遣い
死す	死	す
死する	死	する
死に神	死に	神
死の行進	死	の	行進
死亡届	死亡	届
死亡証明書	死亡	証明書
死人	死	人
死活問題	死活	問題
残念	残	念
残念だが当然	残念	だが	当然
残暑	残	暑
残欠	残	欠
段ボール	段	ボール
殺人スズメバチ	殺人	スズメバチ
殺生石	殺生	石
母ちゃん	母	ちゃん
母体	母	体
母型	母	型
毎月	毎	月
毒婦	毒	婦
毒虫	毒	虫
比例代表制	比例	代表	制
比国	比	国
比較文学	比較	文学
毘沙門天	毘沙門	天
毛深い	毛	深い
毛皮	毛	皮
毛綿鴨	毛	綿	鴨
毛虫	毛	虫
民主カンプチア	民主	カンプチア
民族統一主義	民族	統一	主義
気がある	気	が	ある
気が合う	気	が	合う
気が気でない	気	が	気	でない
気が違う	気	が	違う
気が遠くなる	気	が	遠く	なる
気に病む	気	に	病む
気付く	気	付く
気合を入れる	気合	を	入れる
気管支炎	気管支	炎
気違い沙汰	気違い	沙汰
気配	気	這い
気長	気	長
水たまり	水	溜まり
水の泡	水	の	泡
水も滴る	水	も	滴る
水仕事	水	仕事
水内	水	内
水司	水取り	の	司
水商売	水	商売
水干	水	干
水平思考	水平	思考
水底	水	底
水戸黄門	水戸	黄門
水曜日	水曜	日
水澄まし	水	澄まし
水無月	水	な	月
水球	水	球
水瓶座	水瓶	座
水疱瘡	水	疱瘡
水硫基	水	硫	基
水素	水	素
水素イオン指数	水素	イオン	指数
水素化リチウム	水素化	リチウム
水素爆弾	水素	爆弾
水蜘蛛	水	蜘蛛
水資源	水	資源
水質汚染	水質	汚染
水路橋	水路	橋
水車小屋	水車	小屋
水道	水	道
水道橋	水道	橋
水酸化リチウム	水酸化	リチウム
水銀	水	銀
水銀柱ミリメートル	水銀	柱	ミリメートル
水馬	水	馬
水鶏	食い	鳴く
水鹿	水	鹿
氷下魚	氷	下	魚
氷屋	氷	屋
氷河時代	氷河	時代
永久機関	永久	機関
永字八法	永字	八	法
永禄	永	禄
汎心論	汎	心	論
汎神論	汎	神	論
汗をかく	汗	を	掻く
汝	汝	貴
汝兄	汝	兄
汝妹	汝	の	妹
汝達	汝	達
江戸	江	戸
江戸っ子	江戸	子
決まり字	決まり	字
決定木	決定	木
汽船	汽	船
沖巨頭	沖	巨頭
沖縄県	沖縄	県
沖醤蝦	沖	醤蝦
河原	河	原
河原乞食	河原	乞食
河原者	河原	者
河原鳩	河原	鳩
河原鶸	河原	鶸
河川	河	川
河童	川	童
河鱒	河	鱒
治安判事	治安	判事
治部煮	じぶ	煮
沼	沼	間
沼間	沼	間
泉	出づ	水
法の皇	法	の	天皇
法律事務所	法律	事務所
泡を食う	泡	を	食う
波動関数	波動	関数
波布草	波布	草
波平	波	平
波束	波	束
波長	波	長
泣きじゃくる	泣き	噦る
泣きべそをかく	泣きべそ	を	かく
泣き虫	泣き	虫
泣き顔	泣き	顔
泥亀	泥	亀
泥塗れ	泥	塗れ
洋弓	洋	弓
洗濯ばさみ	洗濯	挟み
洗熊	洗い	熊
洗脳	洗	脳
洞井守	洞	井守
津波	津	波
津波警報	津波	警報
津軽	津	軽
活法	活	法
派手	映え	手
流れ星	流れ	星
浅茅生	浅茅	生
浜鯛	浜	鯛
浦島効果	浦島	効果
浮き彫り	浮く	彫る
浮き輪	浮き	輪
浮世絵	浮世	絵
浮子	浮き	子
浮巣鳥	浮巣	鳥
浮気女	浮気	女
海亀	海	亀
海原	海	な	原
海嘯	津	波
海月	海	月
海松	海	松
海水パンツ	海水	パンツ
海水浴場	海水	浴場
海水温	海水	温
海水魚	海水	魚
海洋汚染	海洋	汚染
海烏	海	烏
海狸	海	狸
海獺	海	獺
海石榴	海	石榴
海蛇	海	蛇
海豚	魚	食
海豹	痣	等	獣
海賊盤	海賊	盤
海賊船	海賊	船
海驢	海	鹿
海鼠	海	鼠
浸透圧	浸透	圧
消しゴム	消し	ゴム
消失点	消失	点
消波	消	波
消火栓	消火	栓
涙雨	涙	雨
淘汰	淘	汰
淡水	淡	水
淫具	淫	具
淫売婦	淫	売	婦
深呼吸	深	呼吸
深更	深	更
混交林	混交	林
混合林	混合	林
混合物	混合	物
清々しい	すがすが	しい
清廉潔白	清廉	潔白
清源	清	源
清老頭	清	老頭
済南事件	済南	事件
減るもんじゃない	減る	もん	じゃない
減刑	減	刑
渡りに船	渡り	に	船
渦巻く	渦	巻く
渦巻銀河	渦巻	銀河
渦虫	渦	虫
温室効果	温室	効果
温室効果ガス	温室効果	ガス
温暖前線	温暖	前線
港	水	な	門
渾名	あだ	名
湖	水	海
湯たんぽ	湯	湯婆
湯桶	湯	桶
湯桶読み	湯桶	読み
湿度計	湿度	計
満ち引き	満ち	引き
満を持す	満	を	持す
源	水	な	元, 本
源五郎鮒	源五郎	鮒
源氏	源	氏
源氏物語	源氏	物語
溝蕎麦	溝	蕎麦
溝鼠	溝	鼠
滄海桑田	滄海	桑田
滅多矢鱈	滅多	矢鱈
滅相もない	滅相	も	ない
滅金	滅	金
滋賀県	滋賀	県
滑舌	滑	舌
漕ぎ出づ	漕ぎ	出づ
漢和辞典	漢和	辞典
漢文訓読	漢文	訓読
漢音	漢	音
漫湖	漫	湖
漫画	漫	画
漫画字	漫画	字
漬物	漬	物
潜り込む	潜り	込む
潜伏期間	潜伏	期間
潜在意識	潜在	意識
潮吹き	潮	吹き
潮騒	潮	騒
澪	水	緒
火が降る	火	が	降る
火のないところに煙は立たない	火	の	ない	ところ	に	煙	は	立たない
火の鳥	火	の	鳥
火加減	火	加減
火口	火	口
火山島	火山	島
火曜日	火曜	日
火災警報	火災	警報
火花	火	花
火鉢	火	鉢
火食い鳥	火	食い	鳥
火鼠	火	鼠
灯	灯し	火
灯油	灯	油
灰塗れ	灰	塗れ
灰皿	灰	皿
灰色海豹	灰色	海豹
灰色熊	灰色	熊
灰色狐	灰色	狐
灰色野鶏	灰色	野鶏
炉心熔融	炉心	溶融
炎	火	の	穂
炎上マーケティング	炎上	マーケティング
炎上商法	炎上	商法
炙り物	炙り	物
炙肉	炙り	肉
炭化水素	炭化	水素
炭水化物	炭水	化物
炭火	炭	火
炭素	炭	素
為人	人	と	形#Japanese:_nari-shape
烏	から	す
烏帽子	烏	帽子
焚き付ける	焚き	付ける
無一文	無	一	文
無人島	無人	島
無作法	無	作法
無党派層	無党派	層
無制限	無	制限
無国籍	無	国籍
無垢	無	垢
無声	無	声
無意義	無	意義
無慙	無	慙
無我夢中	無我	夢中
無敵の人	無敵	の	人
無月	無	月
無条件	無	条件
無条件降伏	無条件	降伏
無水	無	水
無水物	無水	物
無理強い	無理	強い
無理心中	無理	心中
無理難題	無理	難題
無産階級	無産	階級
無花果果	無花果	果
無記名投票	無	記名	投票
無邪気	無	邪気
無限級数	無限	級数
無限連鎖講	無限	連鎖	講
無顆粒球症	無	顆粒球	症
無駄話	無駄	話
無駄遣い	無駄	遣い
焦げ付く	焦げる	付く
焦眉	焦	眉
焦眉の急	焦眉	の	急
焼き魚	焼き	魚
焼け跡	焼ける	跡
焼け跡の釘拾い	焼け跡	の	釘	拾い
焼け跡世代	焼け跡	世代
焼肉	焼き	肉
煉獄	煉	獄
煎茶	煎	茶
煙霧質	煙霧	質
照れ笑い	照れ	笑い
煮頃鮒	似る	源五郎鮒
熊の胆	熊	の	胆
熊手	熊	手
熊本県	熊本	県
熊襲	球磨	贈於
熟字訓	熟字	訓
熱帯雨林	熱帯	雨林
熱核兵器	熱核	兵器
熱汚染	熱	汚染
燃え上がる	燃え	上がる
燎原の火	燎原	の	火
燐酸肥料	燐酸	肥料
燹	野	火
爪先	爪	先
爪冠	爪	冠
爪切り	爪	切り
爪弾く	爪	弾く
爪繞	爪	繞
爬虫類	爬虫	類
父ちゃん	父	ちゃん
父の日	父	の	日
爼	真魚	板
片仮名	片	仮名
片利共生	片	利	共生
片親パン	かたおや	パン
牙	牙	歯
牛小屋	牛	小屋
牛氈鹿	牛	氈鹿
牛海綿状脳症	牛	海綿状	脳症
牛羚羊	牛	羚羊
牛舎	牛	舎
牛馬	牛	馬
牛鮫	牛	鮫
牝犬	牝犬	犬
牧場鳥	牧場	鳥
物真似	物	真似
物知り	物	知り
物見遊山	物見	遊山
物言い	物	言い
物騒がしい	物	騒がしい
特別引出権	特別	引出	権
特別支援学級	特別支援	学級
特効薬	特効	薬
特殊効果	特殊	効果
特殊詐欺	特殊	詐欺
特許権	特許	権
犬ころ	犬	子ろ
犬ちゃん	犬	ちゃん
犬も歩けば棒に当たる	犬	も	歩けば	棒	に	当たる
犬小屋	犬	小屋
犬張子	犬	張り子
犬舎	犬	舎
犬釘	犬	釘
犬鮫	犬	鮫
狐猿	狐	猿
狙撃銃	狙撃	銃
狩猟小屋	狩猟	小屋
独楽	高麗	つ	繰り
独立記念日	独立	記念日
狼人間	狼	人間
狼女	狼	女
狼男	狼	男
猛獣	猛	獣
猟虎	猟	虎
猪	猪	の	獣
猪鹿蝶	猪	鹿	蝶
猫糞	猫	糞#baba
猫額	猫	額
猫鮫	猫	鮫
猶予	猶	予
猶予期間	猶予	期間
猿芝居	猿	芝居
獣	毛	だ	物
獣の数字	獣	の	数字
獣耳	獣	耳
玄孫	やしわ	子
玄米茶	玄米	茶
玉将	玉	将
玉屋	玉	屋
玉蜀黍	唐	もろこし
玉露	玉	露
王将	王	将
王様ペンギン	王様	ペンギン
王道進行	王道	進行
玩具	御	持ち遊び
珊瑚礁	珊瑚	礁
珪土	珪	土
珪素鋼	珪素	鋼
班田	班	田
現を抜かす	現	を	抜かす
現代仮名遣い	現代	仮名遣い
現代劇	現代	劇
現在地	現在	地
現在完了	現在	完了
現在時制	現在	時制
現示	現	示
球形	球	形
球状	球	状
理想主義	理想	主義
理解不能	理解	不能
琴	木	音
琴鳥	琴	鳥
環	手	巻き
環境依存文字	環境	依存	文字
環境汚染	環境	汚染
環状線	環状	線
璽	御	璽
甕	御	か
甘っちょろい	甘	っ	ちょろい
甘噛み	甘	噛み
甘木	甘	木
甘草	甘	草
甘草エキス	甘草	エキス
甚だしい	甚だ	しい
甚兵衛鮫	甚兵衛	鮫
甚平鮫	甚平	鮫
生き作り	生き	作り
生き甲斐	生きる	甲斐
生き返る	生き	返る
生け花	生け	花
生っちょろい	生	っ	ちょろい
生傾城	生き	傾城
生剥	生	剥ぎ
生命中心主義	生命	中心	主義
生地	生	地
生存権	生存	権
生年月日	生	年	月	日
生意気	生	意気
生放送	生	放送
生日	生く	日
生殺し	生	殺し
生水	生	水
生物兵器	生物	兵器
生物時計	生物	時計
生真面目	生	真面目
生計を立てる	生計	を	立てる
用いる	持ち	率る
用務員	用務	員
用言	用	言
用途変更	用途	変更
田中	田	中
田舎	居	中
甲	木	の	兄
甲乙	甲	乙
甲烏賊	甲	烏賊
申し訳ありません	申し訳	ありません
男	男	の	子
男の子	男	の	子
男の子子	男の子	子
男体盛り	男体	盛り
男性稼ぎ主モデル	男性	稼ぎ主	モデル
男手	男	手
男根崇拝	男根	崇拝
男殺し	男	殺し
男神	男	神
町家	町	家
画像処理	画像	処理
画商	画	商
画図	画	図
畜殺場	畜殺	場
略取誘拐罪	略取	誘拐	罪
番付	番	付け
番犬	番	犬
異体仮名	異体	仮名
異体同心	異体	同心
異国	異	国
異性化糖	異性化	糖
異民族	異	民族
異種格闘技戦	異種	格闘技	戦
疑似科学	疑似	科学
疑問符	疑問	符
疱瘡	疱	瘡
病は気から	病	は	気	から
病友	病	友
病後	病	後
痛くも痒くもない	痛く	も	痛い	も	ない
痩せこける	痩せる	こける
瘤牛	瘤	牛
瘤白鳥	瘤	白鳥
癇に障る	癇	に	障る
癇癪玉	癇癪	玉
癇癪筋	癇癪	筋
癒し系	癒し	系
癸	水	の	弟
発売禁止	発売	禁止
発展途上国	発展	途上	国
発泡酒	発泡	酒
発癌物質	発癌	物質
発禁本	発禁	本
発芽玄米	発芽	玄米
白ワイン	白	ワイン
白人	白	人
白兎	白	兎
白口錦蛇	白	口	錦蛇
白土	白	土
白堊館	白堊	館
白梟	白	梟
白河	白	河
白湯	白	湯
白滝	白	滝
白無垢	白	無垢
白熊	白	熊
白熱電球	白熱	電球
白犀	白	犀
白腹	白	腹
白舵木	白	舵木
白色テロ	白色	テロ
白葡萄酒	白	葡萄酒
白蟻	白	蟻
白血球	白	血球
白詰草	白	詰草
白質	白	質
白身	白	身
白酒	白	酒
白金	白	金
白雪	白	雪
白魔術	白	魔術
白鮫	白	鮫
白鳥	白	鳥
白鶺鴒	白	鶺鴒
白鷺	白	鷺
百十	百	十
百回	百	回
百日紅	猿	滑り
百舌	百	す
百足	向かい	手
的	目	所
皆さん	皆	さん
皇の花	天皇	の	花
皇国	皇	国
皇帝ペンギン	皇帝	ペンギン
皮虫	皮	虫
益荒	増す	ら
益荒男振り	益荒男	振り
盗電	盗	電
監視網	監視	網
盤纏	盤	纏
目の敵にする	目の敵	に	する
目もくれない	目	も	くれない
目を盗む	目	を	盗む
目を配る	目	を	配る
目一杯	目	一杯
目垢	目	垢
目玉焼き	目玉	焼き
目白鮫	目白	鮫
目糞	目	糞
目脂	目	脂
目覚まし	目	覚まし
目覚まし時計	目覚まし	時計
盲腸	盲	腸
盲腸炎	盲腸	炎
直刃	直ぐ	刃
直垂	直	垂れ
直観幾何	直観	幾何
直談判	直	談判
相利共生	相	利	共生
相合傘	相合	傘
相対湿度	相対	湿度
相対音感	相対	音感
相違点	相違	点
省エネルギー	省	エネルギー
省庁	省	庁
眉を顰める	眉	を	顰める
眉根を寄せる	眉根	を	寄せる
看板娘	看板	娘
看護婦	看護	婦
真っ平御免	真っ平	御免
真に受ける	真	に	受ける
真ん中	真ん	中
真ん丸	真ん	丸
真土	真	土
真夜中	真	夜	中
真孔雀	真	孔雀
真物	真	物
真犯人	真	犯人
真珠貝	真珠	貝
真理値	真理	値
真理値表	真理値	表
真秀	真	秀
真空パック	真空	パック
真空包装	真空	包装
真空管	真空	管
真者	真	者
真青	真	さ青
真面	真	つ	面
真鴨	真	鴨
真鶸	真	鶸
眠り薬	眠り	薬
眺める	長	む
眼鏡	目	金
眼鏡っ娘	眼鏡	娘
眼鏡カイマン	眼鏡	カイマン
眼鏡入れ	眼鏡	入れ
眼鏡熊	眼鏡	熊
眼鏡猿	眼鏡	猿
着替える	着	替える
睦仁	睦	仁
睦月	睦	月
睾丸	睾	丸
瞬く	目	叩く
瞳孔反応	瞳孔	反応
矢柄	矢	柄
知る由もない	知る	由	も	ない
知恵の書	知恵	の	書
知恵の輪	知恵	の	輪
知恵を絞る	知恵	を	絞る
短冊	短	冊
短刀	短	刀
短時間	短	時間
短期大学	短期	大学
短気は損気	短気	は	損気
石ころ	石	子ろ
石井	石	井
石塊	石	塊
石塚	石	塚
石居	石	居
石川県	石川	県
石斑魚	鵜	食い
石村	石	村
石油ストーブ	石油	ストーブ
石渡	石	渡
石灰	石	灰
石炭	石	炭
石炭酸	石炭	酸
石綿	石	綿
石蹴	石	蹴り
砂上の楼閣	砂	上	楼閣
砂地	砂	地
砂子	砂	な	子
砂時計	砂	時計
砂漠黒コブラ	砂漠	黒	コブラ
砂糖屋	砂糖	屋
砂蚤	砂	蚤
砒化水素	砒化	水素
研究生	研究	生
砕氷船	砕氷	船
砲丸	砲	丸
砲丸投	砲丸	投
破城槌	破	城	槌
破壊工作	破壊	工作
破屋	破れ	屋
破裂音	破裂	音
破魔	破	魔
破魔矢	破魔	矢
破魔術	破魔	術
砵市	砵	市
硝子	硝	子
硝子体	硝子	体
硫化水素	硫化	水素
硫黄	湯	泡
硫黄島	硫黄	島
硬度	硬	度
磨ぎ汁	磨ぎ	汁
磯巾着	磯	巾着
礼次郎	礼次	郎
礼金	礼	金
社会制度	社会	制度
社適	社会	適合
祓戸	祓	戸
祓魔	祓	魔
祓魔術	祓魔	術
祖神	祖	神
神の子羊	神	の	子羊
神人	神	人
神代文字	神代	文字
神体	神	体
神奈川県	神奈川	県
神宮	神	宮
神戸	神	戸
神木	神	木
神札	神	札
神村	神	村
神棚	神	棚
神楽	神	座
神楽笛	神楽	笛
神楽鈴	神楽	鈴
神無月	神	な	月
神経科学	神経	科学
神通力	神通	力
神酒	神	酒
神風	神	風
禁じ得ない	禁じる	得ない
禁制帯	禁制	帯
禁書目録	禁書	目録
福井県	福井	県
福岡県	福岡	県
福島	福	島
福島県	福島	県
禿頭病	禿頭	病
私す	私	す
私する	私	する
私書箱	私書	箱
私立学校	私立	学校
秋津島	秋	津	島
秋田県	秋田	県
秋葉	秋	葉
秋雨	秋	雨
科学博物館	科学	博物館
科負比丘尼	科	負い	比丘尼
秒読み	秒	読み
秦	秦	秦
税制調査会	税制	調査会
稚児隼	稚児	隼
種子島	種	が	島
稲妻	稲	妻
稲幹	稲	幹
稲荷	稲	生る
積み木	積み	木
積ん読	積む	読
積木	積み	木
穴兎	穴	兎
穴子	穴	子
穴熊	穴	熊
究竟涅槃	究竟	涅槃
空き家	空き	家
空手	空	手
空梅雨	空	梅雨
空模様	空	模様
空港	空	港
空間計算量	時間	計算量
空鼾	空	鼾
突きん棒	突き	ん	棒
突拍子も無い	突拍子	も	ない
窒素	窒	素
窓辺	窓	辺
窓際族	窓際	族
立ちはだかる	立ち	開かる
立ち聞き	立つ	聞く
立ち食い	立ち	食い
立位	立	位
立入禁止	立ち入り	禁止
立心偏	立	心	偏
立方メートル	立方	メートル
立方根	立方	根
立花	立ち	花
立行司	立て	行司
竜の落とし子	竜	の	落とし子
竜巻	竜	巻き
竪琴海豹	竪琴	海豹
端を発する	端	を	発する
競合状態	競合	状態
競歩	競	歩
竹蜻蛉	竹	蜻蛉
竹輪	竹	輪
竹馬	竹	馬
竹馬の友	竹馬	の	友
笑い飛ばす	笑い	飛ばす
笑覧	笑	覧
第一人者	第	一人	者
第三国	第	三国
第三次世界大戦	第三次	世界大戦
第三紀	第三	紀
第九	第	九
第二次性徴	第二次	性徴
第四紀	第四	紀
笹かまぼこ	笹	蒲鉾
笹団子	笹	団子
筆	文	手
筆ペン	筆	ペン
筆下ろし	筆	下ろし
筆五	筆	五
箋	文	板
箍が外れる	箍	が	外れる
箏	木	音
箒	羽	掃き
箒星	箒	星
箔を付ける	箔	を	付ける
算譜	算	譜
管制塔	管制	塔
箱信者	箱	信者
箱入り娘	箱入り	娘
節分	節	分
節句	節	供
篝火	篝	火
篝火草	篝火	草
篝籠	篝	籠
篠原	篠	原
篠笛	篠	笛
篦鷺	篦	鷺
簡易ネットワーク管理プロトコル	簡易	ネットワーク	管理	プロトコル
簡易メール転送プロトコル	簡易	メール	転送	プロトコル
簪	髪	挿し
簫の笛	簫	の	笛
籠目	籠	目
籠目紋	籠目	紋
米ソ冷戦	米	ソ	冷戦
米ドル	米	ドル
米国	米	國
米国電気電子学会	米国	電気	電子	学会
粉物	粉	物
粉骨砕身	粉骨	砕身
精神分裂病	精神	分裂	病
精神安定剤	精神	安定剤
精神療法	精神	療法
精進料理	精進	料理
精飲	精	飲
糖原病	糖原	病
糖尿	糖	尿
糖尿病	糖尿	病
糖質	糖	質
糞まる	糞	放る
糞垂れ	糞	垂れ
糞餓鬼	糞	餓鬼
糟鮫	糟	鮫
糸雨	糸	雨
約束手形	約束	手形
紅夷	赤	蝦夷
紅差し指	紅	差し	指
紅毛	紅	毛
紅葉狩	紅葉	狩
紅蓮地獄	紅蓮	地獄
紅鶴	紅	鶴
紋所	紋	所
納税	納	税
納言	物申す	司
純愛	純	愛
純林	純	林
紙コップ	紙	コップ
紙巻き	紙	巻き
紙巻きたばこ	紙巻き	タバコ
素っぴん	素っ	嬪
素泊まり	素	泊まる
素泊り	素	泊まる
素知らぬ	素	知らぬ
素股	素	股
索引	索	引
紫	群	咲き
紫丁香花	紫	丁香花
紫色	紫	色
累進課税	累進	課税
紺青	紺	青
絁	悪し	絹
終わったコンテンツ	終わった	コンテンツ
終電車	終	電車
組踊り	組	踊り
経口	経	口
経験値	経験	値
結びの神	産霊	の	神
結婚式	結婚	式
結婚指輪	結婚	指輪
結婚記念日	結婚	記念日
結社の自由	結社	の	自由
絞首	絞	首
絞首刑	絞首	刑
絡繰り人形	絡繰り	人形
絡繰り時計	絡繰り	時計
絨毯爆撃	絨毯	爆撃
統仁	統	仁
統合失調症	統合	失調	症
統語論	統語	論
統辞論	統辞	論
絵に描いた餅	絵	に	描く	餅
絵コンテ	絵	コンテ
絵日記	絵	日記
絵馬	絵	馬
絶え間ない	絶え間	ない
絶対値	絶対	値
絶対湿度	絶対	湿度
絶対音感	絶対	音感
絹の道	絹	の	道
絹モスリン	絹	モスリン
絹糸	絹	糸
綱引き	綱	引き
網棚	網	棚
網目錦蛇	網目	錦蛇
綿帽子	綿	帽子
綿棒	綿	棒
綿花	綿	花
緊急地震速報	緊急	地震	速報
緊急逮捕	緊急	逮捕
緊縛	緊	縛
緊縛美	緊縛	美
総務相	総務	相
総務省	総務	省
総合格闘技	総合	格闘技
総本山	総	本山
総理大臣	総理	大臣
総統	総	統
緑のカーテン	緑	の	カーテン
緑地帯	緑地	帯
緑川	緑	川
緑色	緑	色
緑色凝灰岩	緑色	凝灰岩
緑色片岩	緑色	片岩
緑錦蛇	緑	錦蛇
緑青色	緑青	色
線形動物	線形	動物
編木	編	簓
編集合戦	編集	合戦
縁起でもない	縁起	でも	ない
縁起物	縁起	物
縛り手	縛り	手
縞栗鼠	縞	栗鼠
縞猫鮫	縞	猫鮫
縦	欲しい	儘
縦波	縦	波
縦笛	縦	笛
縺れ髪	縺れ	髪
繊維光学	繊維	光学
繰り返す	繰り	返す
罠猟師	罠	猟師
置き場	置き	場
羅府	羅	府
羆	緋	熊
羊	日	辻
羊乳	羊	乳
美人	顔	良	人
美味しい	御	美しい
美和	美	和
美和子	美和	子
美少女	美	少女
美肌	美	肌
美術品商	美術品	商
群雄割拠	群雄	割拠
群馬県	群馬	県
羨む	心	病む
義兄弟	義	兄弟
義勇兵	義勇	兵
義務付ける	義務	付ける
義妹	義	妹
義姉	義	姉
義訓	義	訓
羯鼓	羯	鼓
羹	あつ	もの
老い子	老いる	子
老人ホーム	老人	ホーム
老婦人	老	婦人
老子道徳経	老子	道徳経
老舗	老	舗
老若男女	老若	男女
耕す	田	返す
耳を傾ける	耳	を	傾ける
耳を貸す	耳	を	貸す
耳切り	耳	切る
耳削ぎ	耳	削ぐ
耳障り	耳	障り
聖林	聖	林
聞きなさい	聞き	なさい
聞き外す	聞き	外す
聞き損なう	聞き	損なう
聞き漏らす	聞き	漏らす
聞き落とす	聞き	落とす
聞き逃す	聞き	逃す
職場	職	場
肉エキス	肉	エキス
肉体美	肉体	美
肉棒	肉	棒
肉食動物	肉食	動物
肋肉	肋	肉
肋骨	肋	骨
肌で知る	肌	で	知る
肌寒い	肌	寒い
肛門性交	肛門	性交
肝が冷える	肝	が	冷える
肝が据わる	肝	が	据わる
肝を冷やす	肝	を	冷やす
肝試し	肝	試し
肥後守	肥後	の	守
肥沃な三日月地帯	肥沃	な	三日月	地帯
肥立つ	日	立つ
肩透かしを食わせる	肩透かし	を	食わせる
肴	酒	菜
肺結核	肺	結核
胃痙攣	胃	痙攣
胆嚢炎	胆嚢	炎
背負う	背	負う
背骨	背	骨
背黒ジャッカル	背	黒	ジャッカル
胡座	胡	床
胡獱	胡	獱
胡麻塩	胡麻	塩
胡麻斑海豹	胡麻斑	海豹
胡麻油	胡麻	油
胤違い	胤	違い
胸	身	根
胸がすく	胸	が	すく
胸がつかえる	胸	が	つかえる
胸が一杯になる	胸	が	一杯	に	なる
胸が騒ぐ	胸	が	騒ぐ
胸ぐらを掴む	胸ぐら	を	掴む
胸に手を当てる	胸	に	手	を	当てる
胸に手を置く	胸	に	手	を	置く
胸を借りる	胸	を	借りる
胸を張る	胸	を	張る
胸を撫で下ろす	胸	を	撫で下ろす
胸を貸す	胸	を	貸す
胸三寸	胸	三寸
胸当て	胸	当て
胸毛	胸	毛
胸焼け	胸	焼け
胸苦しい	胸	苦しい
能管	能	管
脂肪族	脂肪	族
脂肪酸	脂肪	酸
脇が甘い	脇	が	甘い
脇差	脇	差
脈拍計	脈拍	計
脱コロナ	脱	コロナ
脱マスク	脱	マスク
脱分極	脱	分極
脱塩	脱	塩
脱字	脱	字
脱毛	脱	毛
脱水	脱	水
脱窒	脱	窒
脱衣花札	脱衣	花札
脱衣麻雀	脱衣	麻雀
脳死	脳	死
脳炎	脳	炎
腕を振るう	腕	を	振るう
腕相撲	腕	相撲
腕立て伏せ	腕	立て	伏せ
腕輪	腕	輪
腥	生	臭
腰抜け	こし	抜け
腰明蜻蛉	腰	明き	蜻蛉
腰骨	腰	骨
腰鼓	腰	鼓
腸	腹	腸
腸が煮えくり返る	腸	が	煮えくり返る
腸内細菌	腸内	細菌
腹が減る	腹	が	減る
腹ごなし	腹	熟し
腹を割る	腹	を	割る
腹を括る	腹	を	括る
腹八分目に医者要らず	腹	八分	目	に	医者	要らず
腹膜炎	腹膜	炎
腹芸	腹	芸
腺疫	腺	疫
膀胱炎	膀胱	炎
膏薬	膏	薬
膕	引き	屈み
膝の皿	膝	の	皿
膝皿	膝	皿
膝蓋骨	膝蓋	骨
膝頭	膝	頭
膨らむ	膨, 脹	む
膨れっ面	膨れ	面
膨大	膨	大
臍の緒	臍	の	緒
臍を曲げる	臍	を	曲げる
臍猪	臍	猪
臍繰り金	綜麻	繰り
自ずから	己	つ	柄
自ずと	己	つ	と
自ら	身	つ	柄
自分本位	自分	本位
自動小銃	自動	小銃
自動詞	自動	詞
自問自答	自問	自答
自堕落	自	堕落
自宅待機	自宅	待機
自宅警備	自宅	警備
自宅警備員	自宅	警備員
自害	自	害
自家発電	自家	発電
自己意識	自己	意識
自己敗北	自己	敗北
自己暗示	自己	暗示
自己満足	自己	満足
自己破壊	自己	破壊
自律神経系	自律	神経系
自意識	自	意識
自意識過剰	自	意識	過剰
自我意識	自我	意識
自死	自	死
自殺未遂	自殺	未遂
自決	自	決
自然保護区	自然	保護区
自然対数	自然	対数
自然現象	自然	現象
自然言語処理	自然言語	処理
自然言語理解	自然	言語	理解
自然選択	自然	選択
自爆テロ	自爆	テロ
自由刑	自由	刑
自由戦士	自由	戦士
自覚症状	自覚	症状
自警団員	自警団	員
自転車	自	転	車
自転車道	自転車	道
自鳴琴	自	鳴	琴
興亡	興	亡
舊式	舊	式
舌先三寸	舌先	三寸
舌炎	舌	炎
舞い踊る	舞う	踊る
舞姫	舞	姫
舞子	舞	子
舞茸	舞	茸
舟艇	舟	艇
航空宇宙	航空	宇宙
航空宇宙工学	航空宇宙	工学
航空管制官	航空	管制	官
舵を切る	舵	を	切る
船尾楼	船尾	楼
船尾楼甲板	船尾楼	甲板
船艇	船	艇
船長	船	長
船食虫	船	食い	虫
色力学	色	力学
色欲	色	欲
色無地	色	無地
色眼鏡	色	眼鏡
色褪せる	色	褪せる
色鉛筆	色	鉛筆
艶文	艶	文
艶書	艶	書
芋い	芋	い
芋虫	芋	虫
芝	し	様
花キャベツ	花	キャベツ
花冷え	花	冷え
花占い	花	占い
花札	花	札
花柳病	花柳	病
花独活	花	独活
花甘藍	花	甘藍
花蜂	花	蜂
花見	花	見
花輪	花	輪
花道	花	道
花魁鳥	花魁	鳥
芳しい	香	くわし
芸子	芸	子
芸者	芸	者
芽キャベツ	芽	キャベツ
苔玉	苔	玉
苛めっ子	苛める	子
若君	若	君
若者言葉	若者	言葉
苦に病む	苦	に	病む
苦瓜	苦	瓜
苧	殻	苧
英字	英	字
英数	英	数
苺	斎	血	彦
茉莉花茶	茉莉花	茶
茜	赤	根
茜さす	茜	差す
茣蓙	御座	筵
茨城県	茨城	県
茶にする	茶	に	する
茶の間	茶	間
茶葉	茶	葉
茸	草	片
草仮名	草	仮名
草原	草	原
草薙剣	草	薙	の	剣
草鞋	藁	靴
草食動物	草食	動物
草食系	草食	系
荊榛	荊	榛
荒ぶ	荒らし	ぶ
荒唐無稽	荒唐	無稽
荒土	荒	土
荒城	荒	城
荒海	荒	海
荒磯	荒	磯
荒魂	荒	御	霊, 魂
菖蒲	漢	女
菘	鈴	菜
菠薐草	菠薐	草
菩提薩埵	菩提	薩埵
菲国	菲	国
萁	豆	殻
葉切蟻	葉切	蟻
葉巻き	葉	巻き
葉巻きたばこ	葉巻き	タバコ
葡国	葡	国
葡萄栽培	葡萄	栽培
葡萄糖	葡萄	糖
葡萄膜炎	葡萄膜	炎
葡萄色	葡萄	色
葦火	葦	火
葬り去る	葬り	去る
葱	根	葱
蒙古野馬	蒙古	野馬
蒙古馬	蒙古	馬
蒲鉾	蒲	鉾
蒸気機関車	蒸気	機関車
蓮	蜂	巣
蓼食う虫も好き好き	蓼	食う	虫	も	好き好き
蔓茘枝	蔓	茘枝
蕎麦	蕎	麦
蕎麦汁	蕎麦	汁
蕗草	蕗	草
蕪菜	蕪	菜
薄い本	薄い	本
薄気味悪い	薄	気味	悪い
薄羽黄蜻蛉	薄	羽	黄蜻蛉
薄色海豚	薄色	海豚
薔薇園	薔薇	園
薔薇戦争	薔薇	戦争
薔薇羽太	薔薇	羽太
薩摩芋	薩摩	芋
薬指	薬	指
藍	青	居
藤原	藤	原
藩医	藩	医
藪柑子	藪	柑子
藪犬	藪	犬
藪蕎麦	藪	蕎麦
藻玉	藻	玉
虎斑鮫	虎斑	鮫
虎穴に入らずんば虎子を得ず	虎穴	に	入らず	んば	虎子	を	得ず
虎鮫	虎	鮫
虚儀	虚	儀
虚勢を張る	虚勢	を	張る
虚数単位	虚数	単位
虫垂	虫	垂
虫歯	虫	歯
虫眼鏡	虫	眼鏡
虬	水	つ	霊
虹彩炎	虹彩	炎
蚊の姥	蚊	の	姥
蚊取り	蚊	取り
蚊取り線香	蚊取り	線香
蚊帳の外	蚊帳	の	外
蚊蜻蛉	蚊	蜻蛉
蚕	飼い	蚕
蚯蚓蜥蜴	蚯蚓	蜥蜴
蛇皮	蛇	皮
蛇皮線	蛇皮	線
蛋白質分解酵素	蛋白質	分解	酵素
蛍火	蛍	火
蛤	浜	栗
蛸焼き	蛸	焼き
蜂鳥	蜂	鳥
蜜月	蜜	月
蝙蝠傘	蝙蝠	傘
蝙蝠扇	蝙蝠	扇
蝦夷栗鼠	蝦夷	栗鼠
蝦夷狼	蝦夷	狼
蝦蟇	蟇	蛙
蝦蟇口	蝦蟇	口
蝦錠	海老	錠
蝶番	蝶	番
蝶番関節	蝶番	関節
蝶結び	蝶	結び
蝶鮫	蝶	鮫
螳螂	鎌	切り
螵蛸	祖父	が	陰嚢
螺子	螺	子
螺旋形	螺旋	形
蟷螂	鎌	切り
蟹食海豹	蟹	食い	海豹
蟻	蟻	の	子
蟻の子	蟻	の	子
蟻地獄	蟻	地獄
蟻食	蟻	食い
蠅地獄	蠅	地獄
血圧計	血圧	計
血塗れ	血	塗れ
血族関係	血族	関係
血液型占い	血液型	占い
血目	血	目
血眼	血	眼
血糊	血	糊
血糖	血	糖
血糖値	血糖	値
血迷う	血	迷う
行き当たる	行き	当たる
行き悩む	行き	悩む
行き止まり	行き	止まり
行き違い	行き	違い
行方	行く	辺
行方不明	行方	不明
行番号	行	番号
衍字	衍	字
衛生兵	衛生	兵
衛門府	衛門	府
衝動買い	衝動	買い
衝撃波	衝撃	波
衣	着	布
衣虱	衣	虱
衣類	衣	類
表	面	手
表す	露	す
表沙汰	表	沙汰
表現の自由戦士	表現の自由	戦士
表面張力	表面	張力
袂を分かつ	袂	を	分かつ
袋小路	袋	小路
袋狐	袋	狐
袋狼	袋	狼
袋蟻食	袋	蟻食
袖	衣	手
袖口	袖	口
被写体	被	写	体
被災地	被災	地
裁判員	裁判	員
裁判官	裁判	官
裁判権	裁判	権
裏側	裏	側
裏切り	裏	切る
裏切る	裏	切る
裏声	裏	声
裏箔	裏	箔
裏表紙	裏	表紙
裏返す	裏	返す
裕仁	裕	仁
裸	肌	赤
裸出歯鼠	裸	出歯鼠
裸参り	裸	参り
裸足	肌	足
裸足で逃げる	裸足	で	逃げる
製炭	製	炭
複合汚染	複合	汚染
複式簿記	複式	簿記
褐色ペリカン	褐色	ペリカン
褐色木炭	褐色	木炭
襟元	襟	元
襤褸が出る	襤褸	が	出る
襤褸を出す	襤褸	を	出す
西	去に	し
西ドイツ	西	ドイツ
西フリジア語	西	フリジア語
西側諸国	西側	諸国
西口	西	口
西夏文字	西夏	文字
西洋将棋	西洋	将棋
西洋紙魚	西洋	紙魚
西洋薄荷	西洋	薄荷
西灰色ペリカン	西	灰色	ペリカン
西瓜割り	西瓜	割り
西角目鳥	西	角目鳥
要出典	要	出典
見える	目	見ゆ
見せる	見	す
見ゆ	見	ゆ
見る影もない	見る	影	も	ない
見事	見	事
見比べる	見	比べる
見立て殺人	見立て	殺人
見聞	見	聞
見聞き	見	聞き
見込み違い	見込み	違い
見送る	見	送る
見限る	見	限る
視力検査表	視力	検査	表
視力表	視力	表
視床下部	視床	下部
覚悟を決める	覚悟	を	決める
親ガチャ	親	ガチャ
親子丼	親	子	丼
親指	親	指
親文字	親	文字
親方日の丸	親方	日の丸
親父	親	父
親知らず	親	知らず
観世音菩薩	観世音	菩薩
観桜	観	桜
観自在菩薩	観自在	菩薩
観覧車	観覧	車
観音菩薩	観音	菩薩
角括弧	角	括弧
角目鳥	角	目	鳥
角行	角	行
角鮫	角	鮫
解決	解	決
触腕	触	腕
言いたい放題	言う	放題
言わずもがな	言わず	も	がな
言わば	言わ	ば
言葉狩り	言葉	狩り
言葉遣い	言葉	遣い
言論の自由	言論	の	自由
計画を立てる	計画	を	立てる
計画停電	計画	停電
計算式	計算	式
討ち取る	討ち	取る
討ち果たす	討ち	果たす
討ち死に	討ち	死に
討ち滅ぼす	討ち	滅ぼす
討ち漏らす	討ち	漏らす
訓令式	訓令	式
訓読み	訓	読み
記名投票	記名	投票
記念スタンプ	記念	スタンプ
記念碑	記念	碑
診察場	診察	場
診察室	診察	室
試みる	心	見る
試着室	試着	室
試聴室	試聴	室
詰め込み教育	詰め込み	教育
詰草	詰め	草
話を切り出す	話	を	切り出す
話半分	話	半分
認知度	認知	度
認識票	認識	票
誓う	血	交う
語彙素	語彙	素
語形変化	語形	変化
誤字る	誤字	る
説き付ける	説く	付ける
説き伏せる	説き	伏せる
読みこなす	読み	こなす
読み切る	読み	切る
誰も彼も	誰	も	彼	も
請求書	請求	書
論外	論	外
論理回路	論理	回路
論理素子	論理	素子
論証幾何	論証	幾何
諸行無常	諸行	無常
謹厳実直	謹厳	実直
識字憂患	識字	憂患
識語	識	語
警備員	警備	員
警備犬	警備	犬
警務官	警務	官
警察庁	警察	庁
警察署長	警察署	長
議長	議	長
讃仏偈	讃仏	偈
豆知識	豆	知識
豆電球	豆	電球
豚の饅頭	豚	の	饅頭
豚もおだてりゃ木に登る	豚	も	煽てりゃ	木	に	登る
豚コレラ	豚	コレラ
豚小屋	豚	小屋
豚脂	豚	脂
豚舎	豚	舎
象海豹	象	海豹
豹紋蛸	豹	紋	蛸
貝合わせ	貝	合わせ
貝独楽	貝	独楽
財布	財	布
財物	財	物
貧乳	貧	乳
貧困撲滅のための国際デー	貧困	撲滅	のための	国際	デー
貨物列車	貨物	列車
貨物自動車	貨物	自動車
販売促進	販売	促進
貪り食う	貪り	食う
貪る	むさ	欲る
貪官汚吏	貪官	汚吏
貫入	貫	入
責任転嫁	責任	転嫁
貯蓄銀行	貯蓄	銀行
貴	身	霊
貴族	貴	族
貴族政治	貴族	政治
貴様	貴	様
買い取り	買い	取り
費用対効果	費用	対	効果
貿易障壁	貿易	障壁
資格証明書	資格	証明書
資金洗浄	資金	洗浄
賛美歌	賛美	歌
賞味期限	賞味	期限
賢者タイム	賢者	タイム
質問攻め	質問	攻め
賽の目	賽	の	目
賽子	采	転
赤ずきん	赤	頭巾
赤の広場	赤	の	広場
赤べこ	赤	べこ
赤ん坊	赤	坊
赤パンダ	赤	パンダ
赤ワイン	赤	ワイン
赤十字	赤	十字
赤十字社	赤十字	社
赤外線天文学	赤外線	天文学
赤富士	赤	富士
赤提灯	赤	提灯
赤撞木鮫	赤	撞木鮫
赤毛猿	赤毛	猿
赤海亀	赤	海亀
赤煉瓦	赤	煉瓦
赤狐	赤	狐
赤狼	赤	狼
赤紙	赤	紙
赤腹	赤	腹
赤腹井守	赤腹	井守
赤色	赤	色
赤色テロ	赤色	テロ
赤色野鶏	赤色	野鶏
赤葡萄酒	赤	葡萄酒
赤豆	赤	豆
赤軍	赤	軍
赤金	赤	金
赤鹿	赤	鹿
走繞	走	繞
走高跳	走り	高跳び
超乳	超	乳
超時間	超	時間
超次元	超	次元
超自然	超	自然
超銀河団	超	銀河団
越境入学	越境	入学
足がすくむ	足	が	竦む
足を伸ばす	足	伸ばす
足下	足	元
足垂れ星	足	垂れ	星
足掻き	足	掻く
足早	足	早
足湯	足	湯
距離競技	距離	競技
路線図	路線	図
路面電車	路面	電車
踊り場	踊り	場
踏み付ける	踏み	付ける
踏み固める	踏み	固める
蹄	ひ	爪
蹲う	突く	這う
蹴球	蹴	球
蹴飛ばし	蹴	飛ばし
躁病	躁	病
躓く	爪	突く
身につける	身	に	付ける
身分不相応	身分	不相応
身分相応	身分	相応
車	くる	ま
車椅子	車	椅子
軍資金	軍	資金
軍配	軍	配
軟骨魚類	軟骨	魚類
軽んずる	軽	み	す
軽罪	軽	罪
軽音楽	軽	音楽
軽食	軽	食
輪ゴム	輪	ゴム
輪紋海豹	輪	紋	海豹
輪縄	輪	縄
輸入手形	輸入	手形
轆轤首	轆轤	首
轍	輪	立ち
轡	口	環
辛うじて	辛く	して
辛抱強い	辛抱	強い
辞書形	辞書	形
農作物	農	作物
辺	辺	た
迎え撃つ	迎え	撃つ
近未来	近	未来
近東	近	東
近親相姦	近親	相姦
迦具土	かぐ	つ	ち
追跡犬	追跡	犬
退会届	退会	届
退治屋	退治	屋
送り仮名	送り	仮名
逃げるが勝ち	逃げる	が	勝ち
逆さ読み	逆さ	読み
逆アドレス解決プロトコル	逆	アドレス	解決	プロトコル
逆ナン	逆	ナンパ
逆ハーレム	逆	ハーレム
逆ポーランド記法	逆	ポーランド記法
逆恨み	逆	恨み
逆転勝ち	逆転	勝ち
途轍もない	途轍	も	ない
這子	這う	子
通信網	通信	網
通天閣	通天	閣
通学鞄	通学	鞄
速度計	速度	計
速読術	速読	術
連れ子	連れ	子
連れ添う	連れ	添う
連休	連	休
連体	連	体
連想検査	連想	検査
連投	連	投
連日	連	日
連濁	連	濁
連語	連	語
連鎖不平衡	連鎖	不平衡
週末	週	末
進路指導	進路	指導
遅刻届	遅刻	届
遊覧船	遊覧	船
遊離基	遊離	基
遊離脂肪酸	遊離	脂肪酸
運が開ける	運	が	開ける
運動エネルギー	運動	エネルギー
運動音痴	運動	音痴
運命の輪	運命	の	輪
運搬係	うんぱん	がかり
遍照金剛	遍照	金剛
過剰反応	過剰	反応
過剰摂取	過剰	摂取
過小	過	小
過疎る	過疎	る
道中	道	中
道師	道	の	師
道幸	道	行き
道行	道	行き
道行き	道	行き
達磨鮫	達磨	鮫
違う	道	交う
遮る	先	切る
遷延性意識障害	遷延	性	意識	障害
遷移元素	遷移	元素
遷移金属	遷移	金属
遺伝子汚染	遺伝子	汚染
遺伝暗号	遺伝	暗号
避難生活	避難	生活
部分冠詞	部分	冠詞
部屋子	部屋	子
部落民	部落	民
郵便番号	郵便	番号
郵便私書箱	郵便	私書箱
都市伝説	都市	伝説
都市国家	都市	国家
都民	都	民
都落ち	都	落ち
鄙	外	人
配座異性体	配座	異性体
配座解析	配座	解析
配線	配	線
酒は百薬の長	酒	は	百薬	の	長
酒司	御酒	の	司
酒場	酒	場
酒粕	酒	かす
酵素	酵	素
酷道	酷	道
酸っぱい	酸	っぱい
酸性酸化物	酸性	酸化物
酸漿貝	酸漿	貝
酸無水物	酸	無水物
醍醐味	醍醐	味
醜い	見	難い
醜女	醜	女
里山	里	山
里親	里	親
重んずる	重	み	す
重水	重	水
重水素	重	水素
重箱	重ね	箱
重籐	繁	籐
重籐の弓	重籐	の	弓
重籐弓	重籐	弓
重要業績評価指標	重要	業績	評価	指標
野バリケン	野	バリケン
野兎	野	兎
野天風呂	野天	風呂
野沢菜	野沢温泉村	菜
野火	野	火
野狐	野	狐
野猪	野	猪
野球選手	野球	選手
野羊	野	羊
野衾	野	衾
野風呂	野	風呂
野馬	野	馬
野鳥観察	野鳥	観察
野鶏	野	鶏
量子もつれ	量子	もつれ
量子エンタングルメント	量子	エンタングルメント
量子コンピューター	量子	コンピューター
量子ビット	量子	ビット
量子相関	量子	相関
量子絡み合い	量子	絡み合い
量子色力学	量子	色力学
金メダリスト	金	メダリスト
金剛力	金剛	力
金剛杖	金剛	杖
金剛石	金剛	石
金剛鸚哥	金剛	鸚哥
金城湯池	金城	湯池
金将	金	将
金床雲	金床	雲
金持ち	金	持ち
金時草	金	時	草
金曜日	金曜	日
金槌	金	槌
金牛宮	金	牛	宮
金玉	金	玉
金目梟	金目	梟
金縛り	金	縛り
金色ジャッカル	金色	ジャッカル
金蘭	金	蘭
金輪際	金輪	際
金髪	金	髪
金魚掬い	金魚	掬い
金魚草	金魚	草
金魚鉢	金魚	鉢
釘を刺す	釘	を	刺す
針鼠	針	鼠
釵	髪	挿し
鈍角三角形	鈍角	三角形
鉄	黒	金
鉄扇	鉄	扇
鉄扇術	鉄扇	術
鉄板焼き	鉄板	焼き
鉄沓	金	靴
鉄瓶	鉄	瓶
鉄菱	鉄	菱
鉈鎌	鉈	鎌
鉋	刈り	な
鉤十字	鉤	十字
鉤括弧	鉤	括弧
銀	白	金
銀メダリスト	銀	メダリスト
銀将	銀	将
銀山	銀	山
銀木犀	銀	木犀
銀行	銀	行
銅	赤	金
銅メダリスト	銅	メダリスト
銅鑼焼き	銅鑼	焼き
鋏虫目	鋏虫	目
鋭アクセント	鋭	アクセント
鋭角三角形	鋭角	三角形
鋳掛	鋳	掛
鋳掛屋	鋳掛	屋
鋳物	鋳	物
鋼	刃	金
錠	鎖	前
錦蛇	錦	蛇
錫杖	錫	杖
錫箔	錫	箔
鍋	肴	瓮
鍛冶	金	打ち
鍛冶神	鍛冶	神
鍵盤ハーモニカ	鍵盤	ハーモニカ
鍼治療	鍼	治療
鎌倉	竈	鞍
鎌倉山	鎌倉	山
鎌鼬	鎌	鼬
鎖分銅	鎖	分銅
鎖鎌術	鎖鎌	術
鎖骨下筋	鎖骨下	筋
鎧直垂	鎧	直垂
鎧草	鎧	草
鎧袖一触	鎧袖	一触
鎬を削る	鎬	を	削る
鎮守府将軍	鎮守府	将軍
鎮魂	魂	鎮め
鏡	影	見
鏡餅	鏡	餅
鐸	ぬり	て
長亀	長	亀
長刀	長	刀
長唄	長	唄
長女	長	女
長子	長	子
長崎県	長崎	県
長巻	長	巻
長時間	長	時間
長歌	長	歌
長老支配	長老	支配
長襦袢	長	襦袢
長谷川	長谷	川
長野県	長野	県
長銘	長	銘
長門	穴	が	門
長雨	長	雨
長髪賊	長髪	賊
門前払い	門前	払い
門松	門	松
門歯	門	歯
閉じ込める	閉じ	込める
閉所恐怖症	閉所	恐怖症
閉鎖音	閉鎖	音
開府儀同三司	開府	儀同三司
開頭	開	頭
閑古鳥	閑古	鳥
閑子鳥	閑	子鳥
間性	間	性
間接喫煙	間接	喫煙
間柄	間	柄
間欠泉	間欠	泉
間隙を生ずる	間隙	を	生ずる
間食	間	食
関左	関	左
関東地震	関東	地震
関東大震災	関東	大震災
闇市	闇	市
防人	崎	守り
阿吽の呼吸	阿吽	の	呼吸
阿弥陀如来	阿弥陀	如来
阿閦如来	阿閦	如来
降り口	降りる	口
降霊術	降霊	術
陣貝	陣	貝
陥入	陥	入
陰核亀頭	陰核	亀頭
陰茎亀頭	陰茎	亀頭
陸	国	処
陽炎	かげる	火
隅から隅まで	隅	から	隅	まで
隊員	隊	員
随行員	随行	員
際立つ	際	立つ
隠し武器	隠し	武器
隠れキリシタン	隠れ	キリシタン
隣の糂汰味噌	隣	の	糂汰	味噌
隣の芝生は青い	隣	の	芝生	は	青い
隣の花は赤い	隣	の	花	は	赤い
雀の涙	雀	の	涙
雀斑	蕎麦	滓
雀梟	雀	梟
雀鯛	雀	鯛
雁擬き	雁	擬き
雁首	雁	首
雁首を揃える	雁首	を	揃える
雄	雄	ん
雄叫び	雄	建び
雄狐	雄	狐
雄節	雄	節
雄黄	雄	黄
集会の自由	集会	の	自由
集団ストーカー	集団	ストーカー
集団的自衛権	集団的	自衛権
雌犬	雌	犬
雌黄	黄	丹
雑音	雑	音
雛	ひよ	子
雛祭り	雛	祭り
雛菊	雛	菊
雛蝙蝠	雛	蝙蝠
離れ磯	離れ	磯
離婚届	離婚	届
離散数学	離散	数学
難読	難	読
雨月	雨	月
雨模様	雨	模様
雨燕	雨	燕
雨続き	雨	続く
雪だるま	雪	だるま
雪兎	雪	兎
雪合戦	雪	合戦
雪女	雪	女
雪男	雪	男
雪駄の皮	雪駄	の	皮
雲南	雲	南
雲形定規	雲	形	定規
雲泥の差	雲泥	の	差
雲泥万里	雲泥	万里
雲隠れ	雲	隠れ
零和	零	和
零戦	零	戦
雷雨	雷	雨
雷魚	雷	魚
電光石火	電光	石火
電力計	電力	計
電圧計	電圧	計
電子たばこ	電子	たばこ
電子レンジ	電子	レンジ
電子工学	電子	工学
電子音	電子	音
電子顕微鏡	電子	顕微鏡
電柱	電	柱
電気療法	電気	療法
電気風呂	電気	風呂
電波ソング	電波	ソング
電波天文学	電波	天文学
電流計	電流	計
電界効果トランジスタ	電界	効果	トランジスタ
電磁パルス	電磁	パルス
電磁放射	電磁	放射
電磁波	電磁	波
電磁誘導	電磁	誘導
電解コンデンサ	電解	コンデンサ
電話	電	話
電話番号	電話	番号
霊屋	霊	屋
霜月	霜	月
霧雨	霧	雨
露天風呂	露天	風呂
露里	露	里
青天の霹靂	青天	の	霹靂
青山	青	山
青懸巣	青	懸巣
青柳	青	柳
青森県	青森	県
青海亀	青	海亀
青海原	青	海原
青目	青	目
青空	青	空
青菜に塩	青菜	に	塩
青鞜	青	鞜
青鮫	青	鮫
静か	静	か
静岡県	静岡	県
静心	静	心
静止画	静止	画
非の打ち所がない	非	の	打ち所	が	ない
非リア充	非	リア充
非同期転送モード	非同期	転送	モード
非常口	非常	口
非常階段	非常	階段
非武装地帯	非	武装	地帯
面倒い	面倒	い
面倒臭い	面倒	臭い
面白	面	白
面白い	面	白い
靨	笑	窪
靴下留め	靴下	留め
韋駄天走り	韋駄天	走り
韓紅	韓	紅
音写	音	写
音子	音	子
音栓	音	栓
音楽療法	音楽	療法
音線	音	線
音訳	音	訳
音読	音	読
音読み	音	読み
音響量子	音響	量子
順子	順	子
順番	順	番
須佐之男	すさ	の	男
頓狂声	頓狂	声
領土侵犯	領土	侵犯
領海侵犯	領海	侵犯
頬が落ちる	頬	が	落ちる
頬っ辺が落ちる	頬っ辺	が	落ちる
頬白鮫	頬	白	鮫
頬骨	頬	骨
頭	ど	頭
頭がおかしい	頭	が	おかしい
頭が切れる	頭	が	切れる
頭が高い	頭	が	高い
頭に来る	頭	に	来る
頭に浮かぶ	頭	に	浮かぶ
頭巾海豹	頭巾	海豹
頭胸	頭	胸
頭蓋骨	頭蓋	骨
頭虱	頭	虱
頭隠して尻隠さず	頭	隠して	尻	隠さず
頭高型	頭	高	型
頭黒錦蛇	頭	黒	錦蛇
頭黒鶏冠鳧	頭	黒	鶏冠	鳧
顆粒細胞	顆粒	細胞
額縁	額	縁
額銘	額	銘
顎が落ちる	顎	が	落ちる
顔文字	顔	文字
顔映し	顔	映し
顔面騎乗	顔面	騎乗
願い事	願い	事
類似点	類似	点
類語辞典	類語	辞典
風俗嬢	風俗	嬢
風土記	風土	記
風気	風	気
風紀委員	風紀	委員
風船	風	船
風船ガム	風船	ガム
風車	風	車
風速計	風速	計
風邪を引く	風邪	を	引く
風邪薬	風邪	薬
飛び去る	飛び	去る
飛び越える	飛び	超ゆ
飛び込む	飛び	込む
飛竜頭	飛竜	頭
飛翔体	飛翔	体
飛行船	飛行	船
飛車	飛	車
食い下がる	食い	下がる
食い殺す	食う	殺す
食パン	食	パン
食器棚	食器	棚
食物繊維	食物	繊維
食物連鎖	食物	連鎖
食肉目	食肉	目
食蟻獣	食	蟻	獣
飲み代	飲み	代
飲み放題	飲む	放題
飲み物	飲み	物
飲み込む	飲み	込む
飼兎	飼い	兎
飽和脂肪酸	飽和	脂肪酸
飾り付ける	飾り	付ける
飾り棚	飾り	棚
餡餅	餡	餅
首を洗って待つ	首	を	洗って	待つ
首脳会談	首脳	会談
香る	香	居る
香川県	香川	県
香箱座り	香箱	座る
香車	香	車
馬が合う	馬	が	合う
馬尿酸塩	馬尿酸	塩
馬素	馬	素
馬術	馬	術
馬魚	馬	魚
馬鹿らしい	馬鹿	らしい
馬鹿野郎	馬鹿	野郎
馳走	馳	走
駄々っ子	駄々	っ	子
駄々をこねる	駄々	を	こねる
駄洒落	駄	洒落
駆け引き	駆け	引き
駆け抜ける	駆け	抜ける
駆逐艦	駆逐	艦
騎兵大将軍	騎兵	大将軍
騎馬戦	騎馬	戦
騒がしい	騒ぐ	しい
骨壺	骨	壷
骨炎	骨	炎
髄膜炎	髄膜	炎
髑髏	曝れ	頭
高みの見物	高み	の	見物
高位公職者犯罪捜査処	高位	公職者	犯罪	捜査	処
高位公職者犯罪捜査庁	高位	公職者	犯罪	捜査	庁
高坊	高	坊
高天原	高	天の原
高官犯罪捜査庁	高官	犯罪	捜査	庁
高嶺	高	嶺
高知県	高知	県
高等弁務官	高等	弁務官
高級脂肪酸	高級	脂肪酸
高血糖	高	血糖
高速道路	高速	道路
高飛び込み	高	飛び込み
高麗人	高麗	人
高鼾	高	鼾
髪型	髪	型
鬣犬	鬣	犬
鬱イート	鬱	ツイート
鬱金色	鬱金	色
鬼に金棒	鬼	に	金棒
鬼乳	鬼	乳
鬼火	鬼	火
鬼灯	頬	付き
鬼神	鬼	神
鬼蜘蛛	鬼	蜘蛛
鬼達磨鰧	鬼	達磨	騰
魔乳	魔	乳
魔女狩り	魔女	狩り
魔法瓶	魔法	瓶
魔物	魔	物
魔術	魔	術
魚眼レンズ	魚眼	レンズ
魚眼石	魚眼	石
魚類	魚	類
鮏	生	臭
鮞	はらら	子
鮪	ま#Etymology_3	黒
鮴押し屋	鮴押し	屋
鯎	鵜	食い
鯖缶	鯖	缶
鯣烏賊	鯣	烏賊
鯰	滑	頭
鯱	鯱	鉾
鰈	韓	鱝
鰹	堅	魚
鰻	身	長
鱈戦争	鱈	戦争
鱒茸	鱒	茸
鳥取県	鳥取	県
鳥居	鳥	居
鳥屋	鳥	屋
鳥類	鳥	類
鳥黐	鳥	黐
鳰鳥	鳰	鳥
鳴き虫	泣き	虫
鳴白鳥	鳴き	白鳥
鳴門	鳴る	門
鳴門巻き	鳴門	巻き
鴃舌	鴃	舌
鴇色コンドル	鴇色	コンドル
鴛鴦	鴛鴦	鳥
鴨嘴	鴨	の	嘴
鴨川	鴨	川
鴫駝鳥	鴫	駝鳥
鵯	鵯	鳥
鶏	庭	つ	鳥
鶏冠	鶏	坂
鶏冠山	鶏冠	山
鶏冠石	鶏冠	石
鶏卵	鶏	卵
鶏舎	鶏	舎
鶏鳴狗盗	鶏鳴	狗盗
鶯	うぐい	す
鶯張り	鶯	張り
鶴嘴	鶴	嘴
鷂	灰	鷹
鷽姫	鷽	姫
鸛	鸛	の	鳥
鸛鶴	鸛	鶴
鹿	夫	鹿
鹿児島県	鹿児島	県
鹿沼	鹿	沼
鹿猪	鹿	猪
麒麟羚羊	麒麟	羚羊
麝香鹿	麝香	鹿
麦粉	麦	粉
麦酒	麦	酒
麻布	麻	布
麻物	麻	物
麻笥	麻	笥
麻縄	麻	縄
麻薬	麻	薬
麻薬犬	麻薬	犬
黄土色	黄土	色
黄水仙	黄	水仙
黄泉路	黄泉	路
黄泉醜女	黄泉	つ	醜女
黄禍論	黄禍	論
黄色	黄	色
黄色い声	黄色い	声
黄色植物	黄色	植物
黄蜻蛉	黄	蜻蛉
黄身	黄	身
黄道帯	黄道	帯
黄金	黄	金
黄金色植物	黄金	色	植物
黄金蜘蛛	黄金	蜘蛛
黐竿	黐	竿
黒カイマン	黒	カイマン
黒人	黒	人
黒人英語	黒人	英語
黒坊	黒	坊
黒山	黒	山
黒後家蜘蛛	黒	後家	蜘蛛
黒歴史	黒	歴史
黒犀	黒	犀
黒狐猿	黒	狐猿
黒眼鏡	黒	眼鏡
黒襟白鳥	黒	襟	白鳥
黒豆	黒	豆
黒豚	黒	豚
黒魔術	黒	魔術
黒鳥	黒	鳥
黒鴨	黒	鴨
黒鶴	黒	鶴
黒鷺	黒	鷺
黙りなさい	黙る	なさい
黙祷	黙	祷
黨葬	黨	葬
鼎	金	瓮
鼓膜	鼓	膜
鼠	根	住み
鼠鮫	鼠	鮫
鼬鮫	鼬	鮫
鼻が高い	鼻	が	高い
鼻の高い	鼻	の	高い
鼻切り	鼻	切る
鼻様	鼻	様
鼻汗	鼻	汗
鼻濁音	鼻	濁音
鼻炎	鼻	炎
鼻熊	鼻	熊
鼻糞	鼻	糞
鼻紙	鼻	紙
鼾	息	引き
鼾く	息	引く
鼾掻	鼾	掻き
鼾臥す	鼾	臥す
