अँगरखा	अङ्ग	रक्ष
अंकगणित	अंक	गणित
अंगदान	अंग	दान
अंगमर्दन	अंग	मर्दन
अंगहीन	अंग	हीन
अंगोट	अङ्ग	वर्त्म
अंग्रेज़ियत	अंग्रेज़	इयत
अंतर करना	अंतर	करना
अंतरराष्ट्रीयता	अंतर	राष्ट्रीयता
अंतर्राष्ट्रीय	अंतर्	राष्ट्रीय
अंधापन	अंधा#Adjective	पन
अंशकालिक	अंश	कालिक
अकर्म	अ	कर्म
अकर्मक	अ	कर्मक
अक़्लमंदी	अक़्लमंद	ई
अकारण	अ	कारण
अकाली	अकाल	ई
अखरोटी	अखरोट	ई
अख़बारवाला	अख़बार	वाला
अखिलेश	अखिल	ईश
अगरबत्ती	अगर	बत्ती
अगला-पिछला	अगला	पिछला
अग्निपरीक्षा	अग्नि	परीक्षा
अग्निशमन	अग्नि	शमन
अग्निशस्त्र	अग्नि	शस्त्र
अग्निशामक	अग्नि	शामक
अग्न्याशय	अग्नि	आशय
अग्रिम कर	अग्रिम	कर
अच्छा-ख़ासा	अच्छा	ख़ास
अच्छाई	अच्छा	ई
अच्छापन	अच्छा	पन
अछूत	अ	छूत
अजगरी	अजगर	ई
अजीब-ओ-ग़रीब	अजीब	ग़रीब
अटकलपच्चू	अटकल	पच्चू
अटकलबाज़ी	अटकल	बाज़ी
अठपहिया	अठ	पहिया
अतिवाद	अति	वाद
अतिवादी	अति	वादी
अतुल	अ	तुल
अदाकार	अदा	कार
अदाकारा	अदा	कारा
अधजल	आधा	जल
अधमर्ण	अधम	ऋण
अधर्म	अ	धर्म
अधिकता	अधिक	ता
अधिकार	अधि	कार
अधिनियम	अधि	नियम
अनकटा	अन	कटा
अनकहा	अन	कहा
अनखुला	अन	खुला
अनचखा	अन	चखा
अनछुआ	अन	छुआ
अनटूटा	अन	टूटा
अनथक	अन	थक
अनपच	अन	पच
अनपढ़	अन	पढ़
अनबीता	अन	बीता
अनभिज्ञ	अन्	अभिज्ञ
अनसुलझा	अन	सुलझा
अनहितू	अन	हितू
अनहोना	अन	होना
अनाज	अन्न	अद्य
अनाथालय	अनाथ	आलय
अनाम	अ	नाम
अनारकली	अनार	कली
अनारकली बाज़ार	अनारकली	बाज़ार
अनारदाना	अनार	दाना
अनावश्यक	अन	आवश्यक
अनिश्चित	अ	निश्चित
अनुकरण	अनु	करण
अनुनासिकता	अनुनासिक	ता
अनुभवहीन	अनुभव	हीन
अनुभवहीनता	अनुभवहीन	ता
अनुभवी	अनुभव	ई
अनुयायी	अनु	यायिन्
अनुवांशिक	अनु	वांशिक
अनुवांशिकी	अनुवांशिक	ई
अनुशासन	अनु	शासन
अनुस्वार	अनु	स्वार
अनैतिक	अ	नैतिक
अनौपचारिक	अन	औपचारिक
अन्न-जल	अन्न	जल
अन्य पुरुष	अन्य	पुरुष
अपंगता	अपंग	ता
अपरंपार	अपरम्	पार
अपरिपक्व	अ	परिपक्व
अपरिपक्वता	अ	परिपक्व	ता
अपूर्ण	अ	पूर्ण
अपेक्षाकृत	अपेक्षा	कृत
अबे-तबे करना	अबे-तबे	करना
अभय	अ	भय
अभयारण्य	अभय	अरण्य
अभिमानित	अभि	मानित
अभिलाषा	अभि	लाषा
अभिलेख	अभि	लेख
अभिवेचन	अभि	वेचन
अभूतपूर्व	अभूत	पूर्व
अभ्यासक्रम	अभ्यास	क्रम
अभ्यासवश	अभ्यास	वश
अमचूर	आम	चूर
अमरीकी	अमेरिका	ई
अमृतसर	अमृत	सर
अरति	अ	रति
अर्थमिति	अर्थ	मिति
अर्थव्यवस्था	अर्थ	व्यवस्था
अर्थशास्त्री	अर्थ	शास्त्री
अलक्ष्मी	अ	लक्ष्मी
अलमारी	arma	ārium
अलिप्त	अ	लिप्त
अलैंगिक	अ	लैंगिक
अल्पकारी	अल्प	कारी
अल्पकालिक	अल्प	कालिक
अल्पावस्था	अल्प	अवस्था
अवनति	अव	नम्	ति
अवशेष	अव	शेष
अवसंरचना	अव	संरचना
अविराम	अ	विराम
अशिक्षित	अ	शिक्षित
अशोकीय प्राकृत	अशोकीय	प्राकृत
अशोभनीय	अ	शोभनीय
अश्रुगैस	अश्रु	गैस
अश्लीलता	अश्लील	ता
अष्टभुज	अष्ट	भुज
असत्याभास	अ	सत्याभास
असलियत	असल	इयत
असामाजिक	अ	सामाजिक
असार	अ	सार
असैनिक	अ	सैनिक
अस्तव्यस्त	अस्त	व्यस्त
अस्त्र-शस्त्र	अस्त्र	शस्त्र
अहोभाग्य	अहो	भाग्य
आँख-मिचौली	आँख	मिचौली
आँसू गैस	आँसू	गैस
आकाशगंगा	आकाश	गंगा
आकाशी	आकाश	ई
आगे-पीछे	आगे	पीछे
आग्नेयास्त्र	आग्नेय	अस्त्र
आज कल	आज	कल
आज्ञापत्र	आज्ञा	पत्र
आडंबरी	आडंबर	ई
आड़ा-तिरछा	आड़ा	तिरछा
आड़ालोट	आड़ा	लोटना
आतंकवाद	आतंक	वाद
आतंकवादी	आतंकवाद	ई
आत्मसमर्पण	आत्म	समर्पण
आदमियत	आदमी	इयत
आदित्यमंडल	आदित्य	मंडल
आदिभाषा	आदि	भाषा
आदिवासी	आदि	वासी
आधारभूत	आधार	भूत
आधिकारिक	अधिकार	इक
आधुनिकतावाद	आधुनिक	ता	वाद
आनंददायी	आनंद	दायी
आना-जाना	आना	जाना
आपबीती	आप	बीती
आभारी	आभार	ई
आराम-कुर्सी	आराम	कुर्सी
आरामगाह	आराम	गाह
आर्मीनियाई	आर्मीनिया	ई
आलीशान	आली	शान
आवर्त सारणी	आवर्त	सारणी
आशिक़मिज़ाज	आशिक़	मिज़ाज
आशुलिपि	आशु	लिपि
आश्चर्यचकित	आश्चर्य	चकित
आसामी	आसाम	ई
आस्तिकवादी	आस्तिकवाद	ई
इंगलिस्तान	اِنْگِلِیس	ـِسْتَان
इंद्रधनुष	इंद्र	धनुष
इंद्रमानभंग	इंद्र	मान	भंग
इकतरफ़ा	इक	तरफ़
इकतारा	इक	तारा
इकनाली	इक	नाली
इकपहिया	इक	पहिया
इकसिंगा	एक	शृङ्ग
इतिहासिक	इतिहास	इक
इधर-उधर	इधर	उधर
इनमें	इन	में
इनसा	इन	सा
इनसे	इन	से
इन्हीं	इन	ही
इसतक	इस	तक
इसपर	इस	पर
इसपे	इस	पे
इसमें	इस	में
इसलिए	इस	लिए
इससा	इस	सा
इससे	इस	से
इसी	इस	ही
इसीलिए	इस	ही	लिए
इस्लामी	इस्लाम	ई
ईटानगर	ইটা	নগৰ
ईरानी	ईरान	ई
ईश्वरवादी	वाद	ई
ईसाई धर्म	ईसाई	धर्म
उंडुकपुच्छ	उंडुक	पुच्छ
उग्रवाद	उग्र	वाद
उग्रवादी	उग्रवाद	ई
उच्चायुक्त	उच्च	आयुक्त
उच्चायोग	उच्च	आयोग
उड़न तश्तरी	उड़न	तश्तरी
उतावलापन	उतावला	पन
उत्तर प्रदेश	उत्तर	प्रदेश
उत्तर-आधुनिक	उत्तर	आधुनिक
उत्तर-आधुनिकता	उत्तर	आधुनिकता
उत्तर-आधुनिकीकरण	उत्तर	आधुनिकीकरण
उत्तर-पूर्व	उत्तर	पूर्व
उत्तरकाशी	उत्तर	काशी
उत्तरदायित्व	उत्तर	दायित्व
उत्तरदायी	उत्तर	दायी
उत्तराखंड	उत्तर	खंड
उत्तराधिकार	उत्तर	अधिकार
उत्तरार्द्ध	उत्तर	अर्द्ध
उत्तराहा	उत्तरा	पथ
उदजन	उदन्	जन
उदयकाल	उदय	काल
उदयवर्ष	उदय	वर्ष
उद्योगपति	उद्योग	पति
उधमपुर	उधम	पुर
उनसा	उन	सा
उनसे	उन	से
उन्नति	उद्	नम्	ति
उपक्रम	उप	क्रम
उपनदी	उप	नदी
उपनाम	उप	नाम
उपनायिका	उप	नायिका
उपन्यासकार	उपन्यास	कार
उपपत्नी	उप	पत्नी
उपप्रमेय	उप	प्रमेय
उपभोक्ता	उप	भोक्ता
उपमहाद्वीप	उप	महाद्वीप
उपयोगकर्ता	उपयोग	कर्ता
उपसचिव	उप	सचिव
उभयलैंगिकता	उभयलैंगिक	ता
उभयहस्तकुशल	उभय	हस्त	कुशल
उभयहस्तकौशल	उभय	हस्त	कौशल
उमसभरा	उमस	भरा
उरोस्थि	उर	अस्थि
उल्लंघन	उद्	लङ्घन
उससा	उस	सा
उससे	उस	से
ऊंचाईमापक	ऊंचाई	मापक
ऊदबिलाव	ऊद	बिलाव
ऊदा	उद्	दात
ऊबड़-खाबड़	ऊबड़	खाबड़
ऊर्ध्वाधर	ऊर्ध्व	अधर
ऋणमुक्त	ऋण	मुक्त
ऋणमुक्ति	ऋण	मुक्ति
ऋणाग्र	ऋण	अग्र
ऋणायन	ऋण	आयन
एक-दूसरे	एक	दूसरे
एककोशिकीय	एक	कोशिका
एकघातीय	एक	घातीय
एकजुट	एक	जुट
एकतरफ़ा	एक	तरफ़ा
एकतारा	एक	तार
एकवचन	एक	वचन
एकसदनीयता	एकसदनीय	ता
एकसमान	एक	समान
एकाध	एक	आध
एकाधिकार	एक	अधिकार
एकैकी-आच्छादक	एकैकी	आच्छादक
एलची	*ēl	*-či
एशियाई	एशिया	ई
ओत-प्रोत	ओत	प्रोत
औढर	अव	ढार
औषधी	औषध	ई
कंजूस	कान	चूसना
कंजूसी	कंजूस	ई
कंठमाला	कंठ	माला
कगार	क	अग्र
कचौड़ी	𑀓𑀘𑁆𑀘	𑀧𑀽𑀭
कटाक्ष	कट	अक्ष
कटिबंध	कटि	बन्ध
कठोर-दिल	कठोर	दिल
कत्थई	कत्था	ई
कनखी	कर्ण	अक्षि
कनटोप	कन	टोप
कनपेड़	कान	पेड़
कपोल-कल्पित	कपोल	कल्पित
कभी	कब	ही
करदाता	कर	दाता
करवट	कटि	वृत्ति
करोड़पति	करोड़	पति
कर्णधार	कर्ण	धार
कर्तव्यपथ	कर्तव्य	पथ
कलाकृति	कला	कृति
कल्पनादर्श	कल्पना	आदर्श
कसौटी	कष	पट्टिका
क़दमताल	क़दम	ताल
क़द्रदान	क़द्र	दान
क़ैदख़ाना	قید	خانه
काग़ज़ी	काग़ज़	ई
काग़ज़ी नींबू	काग़ज़ी	नींबू
काठमांडू	काष्ठ	मण्डप
काबुली	काबुल	ई
कामकाज	काम	काज
कामक्रिया	काम	क्रिया
कामचलाऊ	काम	चलाऊ
कामचलाऊ सरकार	कामचलाऊ	सरकार
कामचोर	काम	चोर
कामोन्माद	काम	उन्माद
कारावास	कारा	वास
कारोबारी युद्ध	कारोबारी	युद्ध
कार्यकर्ता	कार्य	कर्ता
कार्यकारिणी	कार्य	कारिणी
कार्यकाल	कार्य	काल
कार्यकुशल	कार्य	कुशल
कार्यक्रम	कार्य	क्रम
कार्यपालिका	कार्य	पालिका
कार्यभार	कार्य	भार
कार्यशाला	कार्य	शाला
कार्यसमिति	कार्य	समिति
कार्यसूची	कार्य	सूची
कार्यान्वित	कार्य	अन्वित
कालजयी	काल	जयी
कालाधन	काला	धन
कालापानी	काला	पानी
कालाबाज़ारी	काला	बाज़ारी
काली-पीली	काला	पीला
कालीन	काल	ईन
काल्पनिक	कल्पना	इक
काष्ठशर्करा	काष्ठ	शर्करा
किंतु-परंतु	किंतु	परंतु
किताबी कीड़ा	किताबी	कीड़ा
किरणपुंज	किरण	पुंज
किरानी	किराना	ई
किसानी	किसान	ई
कीटविज्ञान	कीट	विज्ञान
कीटाणु	कीट	अणु
कुंजीपटल	कुंजी	पटल
कुआला लमपुर	kuala	lumpur
कुकुरमुत्ता	कुक्कुर	मूत्र
कुड़ुमचोदी	कुड़ुम	चोदी
कुमेरुज्योति	कुमेरु	ज्योति
कुलधर्म	कुल	धर्म
कुलनाम	कुल	नाम
कृतघ्नता	कृतघ्न	ता
कृतज्ञता	कृतज्ञ	ता
कृपणता	कृपण	ता
कृष्ण विवर	कृष्ण	विवर
के लिए	के	लिए
केंद्रशासित	केंद्र	शासित
कैथल	कपि	स्थल
कोई-न-कोई	कोई	न	कोई
कोर्ट-कचहरी	कोर्ट	कचहरी
कोशकर्म	कोश	कर्म
कोशकला	कोश	कला
कोशकार	कोश	कार
कोशसत्र	कोश	सत्र
कोशिकीय	कोशिका	ईय
कोषागार	कोष	आगार
कोषाध्यक्ष	कोष	अध्यक्ष
कोषाध्यक्षा	कोष	अध्यक्षा
कौमार्य	कुमार	य
क्योंकि	क्यों	कि
क्रमसूचक	क्रम	सूचक
क्रमागत	क्रम	आगत
क्राइस्टचर्च	Christ	church
क्रियाकलाप	क्रिया	कलाप
क्रियात्मकता	क्रियात्मक	ता
क्रियारूप	क्रिया	रूप
क्रियाविशेषण	क्रिया	विशेषण
क्रीड़ास्थल	क्रीड़ा	स्थल
क्वथनांक	क्वथन	अंक
क्ष-किरण	क्ष	किरण
क्षेत्ररक्षण	क्षेत्र	रक्षण
क्षेत्राधिकार	क्षेत्र	अधिकार
खंडहर	खण्ड	*घर
खटमल	खाट	मल
खड़ाऊँ	काष्ठ	पादुका
खड़ी पाई	खड़ी	पाई
ख़बरी	ख़बर	ई
ख़याली पुलाव	खयाल	ई
ख़रीदारी	ख़रीदार	ई
ख़र्चा पानी	ख़र्चा	पानी
ख़ाकी	ख़ाक	ई
ख़ाली-हाथ	ख़ाली	हाथ
ख़ुशक़िस्मत	ख़ुश	क़िस्मत
ख़ुशख़त	ख़ुश	ख़त
ख़ुशदिल	ख़ुश	दिल
ख़ुशनवीस	ख़ुश	नवीस
ख़ुशनसीब	ख़ुश	नसीब
ख़ुशबयान	ख़ुश	बयान
ख़ुशमिज़ाज	ख़ुश	मिज़ाज
ख़ुशाब	ख़ुश	आब
ख़ून-ख़राबा	ख़ून	ख़राबा
ख़ैरख़्वाह	ख़ैर	ख़्वाह
खाट-खटोला	खाट	खटोला
खाद्यतंतु	खाद्य	तंतु
खान-पान	खाना	पान
खींचतान	खींच	तान
खुलेआम	खुले	आम
खेती	खेत	ई
खेती-बाड़ी	खेती	बाड़ी
खेलकूद	खेलना	कूदना
गँजेड़ी	गाँजा	एड़ी
गंधकाम्ल	गंधक	अम्ल
गंभीरता	गंभीर	ता
गजदंत	गज	दंत
गठजोड़	गठ	जोड़
गढ़वाल	गढ़	वाल
गणतंत्रवादी	गणतंत्रवाद	ई
गणित-विधा	गणित	विधा
गतिरोध	गति	रोध
गतिहीनता	गतिहीन	ता
गरमी	गरम	ई
गरुड़द्वार	गरुड़	द्वार
गर्भवती	गर्भ	वत्
गर्भस्थ	गर्भ	स्थ
गलमुच्छा	गला	मूंछ
गलसुआ	गला	सूजना
ग़लतफ़हमी	ग़लत	फ़हम	ई
ग़ुलामी	ग़ुलाम	ई
ग़ुसलख़ाना	ग़ुसल	ख़ाना
ग़ैरक़ानूनी	ग़ैर	क़ानून	ई
ग़ौरतलब	ग़ौर	तलब
गाँठकट	गाँठ	काट
गांधीगिरी	गांधी	गिरी
गांधीवाद	गांधी	वाद
गिलगित-बल्तिस्तान	गिलगित	बल्तिस्तान
गीतिका	गीत	इका
गीलापन	गीला	पन
गुंडागर्दी	गुंडा	गर्दी
गुजराती	गुजरात	ई
गुणधर्म	गुण	धर्म
गुणसूत्रबिंदु	गुण	सूत्र	बिंदु
गुणांक	गुण	अंक
गुदाद्वार	गुदा	द्वार
गुदाभंजन	गुदा	भंजन
गुप्तचर	गुप्त	चर
गुमनाम	गुम	नाम
गुमराह	गुम	राह
गुलछर्रा	गुल	छर्रा
गुलदस्ता	गुल	दस्ता
गुलमेंहदी	गुल	मेंहदी
गृहमंत्री	गृह	मंत्री
गृहयुद्ध	गृह	युद्ध
गोरक्षा	गो	रक्षा
गोलफल	गोल	फल
गोलमाल	गोल	माल
गोलमिर्च	गोल	मिर्च
गोलार्ध	गोल	अर्ध
गोलीबारी	गोली	बारी
गौरवान्वित	गौरव	अन्वित
ग्रंथालय	ग्रंथ	आलय
ग्रामीण	ग्राम	ईण
ग्वारपाठा	ग्वार	पाठा
घंटाघर	घंटा	घर
घटनास्थल	घटना	स्थल
घड़ियाल	घटी	ताड
घड़ियाली आँसू	घड़ियाली	आँसू
घनचक्कर	घन	चक्कर
घर जमाई	घर	जमाई
घरवाला	घर	वाला
घरवाली	घर	वाली
घुसपैठ	घुस	पैठ
घूमना-फिरना	घूमना	फिरना
घोषणापत्र	घोषणा	पत्र
चंद्रग्रहण	चंद्र	ग्रहण
चंद्रयान-१	चंद्र	यान
चकमा	चक्र	कर्म
चकाचौंध	चौंकना	चुंधा
चक्रवृद्धि	चक्र	वृद्धि
चक्रव्यूह	चक्र	व्यूह
चक्षुदान	चक्षु	दान
चपरासी	चपरास	ई
चमकीला	चमक	ईला
चमचागिरी	चमचा	गिरी
चरबीदार	चरबी	दार
चरवाहा	चरना	वाहा
चरसी	चरस	ई
चर्मरोग	चर्म	रोग
चल दूरभाष	चल	दूरभाष
चलचित्र	चल	चित्र
चलपुस्तकालय	चल	पुस्तकालय
चश्मदीद	चश्म	दीद
चायघर	चाय	घर
चायवाला	चाय	वाला
चारदीवारी	चार	दीवार
चारपाई	चार	पाई
चाल-ढाल	चाल	ढाल
चालाकी	चालाक	ई
चालीसपद	चालीस	पद
चिंतनशील	चिंतन	शील
चिकनी मांसपेशी	चिकनी	मांसपेशी
चित्ताकर्षक	चित्त	आकर्षक
चित्रकथा	चित्र	कथा
चित्रकला	चित्र	कला
चित्रकार	चित्र	कार
चित्रकारी	चित्रकार	ई
चित्रण	चित्र	अन
चिनिया	चीनी	इया
चिरंजीव	चिरम्	जीव
चिरस्थायी	चिर	स्थायी
चीज़बस्त	चीज़	बस्त
चीन-विज्ञान	चीन	विज्ञान
चीन-विज्ञानी	चीन	विज्ञानी
चीनी	चीन	ई
चीनी-तिब्बती	चीनी	तिब्बती
चूतियागिरी	चूतिया	गिरी
चौखट	चतुर्	काष्ठ
चौथाई	चौथा	ई
चौपाल	चौ	पाल
छमाही	छ	माह	ई
छात्रवृत्ति	छात्र	वृत्ति
छात्रसंघ	छात्र	संघ
छात्रावास	छात्र	आवास
छानबीन	छानना	बीनना
छापामार	छापा	मार
छापाशाला	छापा	शाला
छापेख़ाना	छापा	ख़ाना
छुटपन	छोटा	पन
छेदना	छेद	ना
छोटा-मोटा	छोटा	मोटा
जंगली	जंगल	ई
जकार्ता	जय	कर्ता
जगहँसाई	जग	हँसाई
जतारा	जात	आल
जनगणना	जन	गणना
जनजाति	जन	जाति
जनप्रतिनिधि	जन	प्रतिनिधि
जनभाषा	जन	भाषा
जनमत	जन	मत
जनमत-संग्रह	जनमत	संग्रह
जनसंख्या	जन	संख्या
जनसांख्यिकी	जन	सांख्यिकी
जनसेवक	जन	सेवक
जनाधार	जन	आधार
जन्मदिन	जन्म	दिन
जबकि	जब	कि
जभी	जब	ही
जय जिनेंद्र	जय	जिनेंद्र
जल-थल	जल	थल
जलकर	जल	कर
जलज	जल	ज
जलजनित	जल	जनित
जलजमाव	जल	जमाव
जलजोनि	जल	जोनि
जलडमरूमध्य	जल	डमरूमध्य
जलतरंग	जल	तरङ्ग
जलनिधि	जल	निधि
जलमंडल	जल	मंडल
जलमार्ग	जल	मार्ग
जलराशि	जल	राशि
जलवायु	जल	वायु
जलविभाजन	वि	भाजन
जलसिंह	जल	सिंह
जलारेख	जल	रेख
जल्दबाज़ी	जल्दबाज़	ई
जहाज़मार	जहाज़	मरना
जहाज़रान	जहाज़	रान
ज़िद्दी	ज़िद	ई
ज़िम्मेदार	ज़िम्मा	दार
ज़िलाधीश	ज़िला	अधीश
ज़ोरदार	ज़ोर	दार
जातिवाद	जाति	वाद
जातिवादी	जाति	वादी
जादूटोना	जादू	टोना
जानकार	ज्ञान	कार
जानकारी	जानकार	ई
जाना-पहचाना	जानना	पहचानना
जामुनी	जामुन	ई
जालीदार	जाली	दार
जिसमें	जिस	में
जिससे	जिस	से
जीवनकाल	जीवन	काल
जीवनसाथी	जीवन	साथी
जीवमंडल	जीव	मंडल
जीवरसायन	जीव	रसायन
जीवविज्ञानी	जीव	विज्ञानी
जीवाणु	जीव	अणु
जीवाश्म	जीव	अश्म
जुआठ	युग	काष्ठ
जेबघड़ी	जेब	घड़ी
जेलख़ाना	जेल	ख़ाना
जोखिमी	जोखिम	ई
जौनपुरी	जौनपुर	ई
ज्ञानकोष	ज्ञान	कोष
ज्ञानवर्धन	ज्ञान	वर्धन
ज्वार	यव	चार
ज्वालामुखी	ज्वाला	मुख
झंडा	ध्वज	दण्ड
ठरकी	ठरक	ई
डब्बावाला	डब्बा	वाला
डमरुमध्य	डमरू	मध्य
डरपोक	डरना	पोंकना
डाकख़ाना	डाक	ख़ाना
डिब्बाबंद	डिब्बा	बंद
डील-डौल	डील	डौल
डॉक्टरी	डाक्टर	ई
तंदुरुस्त	तन	दुरुस्त
तंदुरुस्ती	तंदुरुस्त	ई
तंदूरी	तंदूर	ई
तकनीकी	तकनीक	ई
तख़्तापलट	तख़्ता	पलट
तत्त्वावधान	তত্ত্ব	অবধান
तथापि	तथा	अपि
तदुपरांत	तद्	उपरांत
तन दूरी	तन	दूरी
तनाव	तनना	आव
तपस्वी	तपस्य	ई
तभी	तब	ही
तमकना	ताम्र	अक्षि
तरणताल	तरण	ताल
तर्कबुद्धिवाद	तर्क	बुद्धि	वाद
तर्कवाद	तर्क	वाद
तर्कशास्त्र	तर्क	शास्त्र
ताउम्र	ता	उम्र
तानपूरा	तान	पूरा
तानाशाही	तानाशाह	ई
तापक्रम	ताप	क्रम
तापमान	ताप	मान
तारख़ाना	तार	ख़ाना
तालमेल	ताल	मेल
तालाबंदी	ताला	बंदी
तिक्तातु	तिक्त	आतु
तिपाई	*tréyes	*pṓds
तिहाई	त्रि	भाग
तीरंदाज़	تیر	انداز
तीर्थयात्री	तीर्थयात्रा	ई
तीर्थस्थान	तीर्थ	स्थान
तीसरा	त्रिः	सर
तुकांत	तुक	अंत
तेंदुआ	तीक्ष्ण	दंष्ट्र
तेजपत्ता	तेज	पत्ता
तेज़पुर	তেজ	পুৰ
तैयारी	तैयार	ई
तोताचश्म	तोता	चश्म
त्यागपत्र	त्याग	पत्र
त्रासद	त्रास	द
त्रित्व	त्रि	त्व
थकित	थकना	इत
थोड़ा-बहुत	थोड़ा	बहुत
दंतकथा	दंत	कथा
दंतमंजन	दंत	मंजन
दक्षिण-पश्चिम	दक्षिण	पश्चिम
दक्षिण-पूर्व	दक्षिण	पूर्व
दक्षिणपंथ	दक्षिण	पंथ
दक्षिणपंथी	दक्षिण	पंथी
दफ़्तरशाह	दफ़्तर	शाह
दब्बूपन	दब्बू	पन
दरार	दर	आकार
दरिद्रता	दरिद्र	ता
दरियाई घोड़ा	दरियाई	घोड़ा
दर्शनशास्त्र	दर्शन	शास्त्र
दवाई	दवा	ई
दशमलव	दशम	लव
दहशतगर्दी	दहशत	गर्दी
दहाई	ده	आई
दाढ़ीदार	दाढ़ी	दार
दादागिरी	दादा	गिरी
दाल-भात	दाल	भात
दास-वंश	दास	वंश
दासता	दास	ता
दासप्रथा	दास	प्रथा
दिक्पात	दिक्	पात
दिग्गज	दिश्	गज
दिन-दहाड़े	दिन	दिहाड़े
दिनचर्या	दिन	चर्या
दिनभर	दिन	भर
दिनांकित	दिन	अंकित
दियासलाई	दीया	सलाई
दिलकश	दिल	कश
दिलचस्पी	दिलचस्प	ई
दिलफेंक	दिल	फेंक
दिली	दिल	ई
दिल्लीवाला	दिल्ली	वाला
दिशानिर्देश	दिशा	निर्देश
दीवानापन	दीवाना	पन
दुतकार	दुत	कार
दुनाली	दु	नाली
दुपट्टा	दु	पट्टा
दुबला-पतला	दुबला	पतला
दुभाषिया	दु	भाषा	इया
दुर्भाग्यवश	दुर्भाग्य	वश
दुलत्ती	दो	लात
दुश्मनी	दुश्मन	ई
दूतावास	दूत	आवास
दूधवाला	दूध	वाला
दूधिया	दूध	इया
दूसरा	द्वि	सर
दृगविषय	दृग	विषय
दृढ़संकल्प	दृढ़	संकल्प
दृष्टांत	दृष्ट	अंत
दृष्टि दोष	दृष्टि	दोष
दृष्टिकोण	दृष्टि	कोण
दृष्टिपटल	दृष्टि	पटल
देख-रेख	देख	रेख
देखभाल	देख	भाल
देरी	देर	ई
देवदूत	देव	दूत
देवारण्य	देव	अरण्य
देश-विदेश	देश	विदेश
देशद्रोह	देश	द्रोह
देशप्रेम	देश	प्रेम
देशभक्त	देश	भक्त
देशभक्ति	देश	भक्ति
देशभाषा	देश	भाषा
देशमुख	देश	मुख
देशव्यापी	देश	व्यापी
देशहित	देश	हित
देहरादून	देहरा	दून
दैनिक	दिन	इक
दोपहर	दो	पहर
द्रुतगामी	द्रुत	गामी
द्रोहचिंतन	द्रोह	चिंतन
द्वारमंडप	द्वार	मंडप
द्विसदनीयता	द्विसदनीय	ता
द्वीपी	द्वीप	ई
द्वीपीय	द्वीप	ईय
धतकरम	धत	करम
धत्कर्म	धत्	कर्म
धन शोधन	धन	शोधन
धन-दौलत	धन	दौलत
धनतेरस	धन	तेरस
धनराशि	धन	राशि
धनाग्र	धन	अग्र
धनादेश	धन	आदेश
धनायन	धन	आयन
धरपकड़	धर	पकड़
धरातल	धरा	तल
धर्मघड़ी	धर्म	घड़ी
धर्मनिरपेक्ष	धर्म	निरपेक्ष
धर्मभूमि	धर्म	भूमि
धर्मशाला	धर्म	शाला
धर्मस्थल	धर्म	स्थल
धर्मी	धर्म	ई
धुंध	धूम	अन्ध
धुंधला	धूम	अन्ध
धूपघड़ी	धूप	घड़ी
धूपेन्य	धूप	इन्य
धूम-धाम	धूम	धाम
धूमिल तेंदुआ	धूमिल	तेंदुआ
धोखाधड़ी	धोखा	धड़ी
धोबी पछाड़	धोबी	पछाड़
ध्रुपद	ध्रुव	पद
ध्वंसावशेष	ध्वंस	अवशेष
ध्वन्यात्मक	ध्वनि	आत्मक
नगरपालिका	नगर	पालिका
नमक हलाल	नमक	हलाल
नमक हलाली	नमक	हलाल	ई
नमकीन	नमक	ईन
नरभक्षी	नर	भक्षी
नरसंहार	नर	संहार
नरेंद्र	नर	इन्द्र
नलकूप	नल	कूप
नवजीवन	नव	जीवन
नवपाषाण	नव	पाषाण
नवरतन	नव	रतन
नवरत्न	नव	रत्न
नवविवाहित	नव	विवाहित
नवशास्त्रीय	नव	शास्त्रीय
नवाबी	नवाब	ई
नसबंदी	नस	बंदी
नस्लभेद	नस्ल	भेद
नागशक्ति	नाग	शक्ति
नागौर	नाग	पुर
नाटापन	नाटा	पन
नामज़द	نَام	زدن
नामांकन	नाम	अंकन
नामी	नाम	ई
नास्तिकता	नास्तिक	ता
नित्यप्रति	नित्य	प्रति
निधनी	नि	धनी
निम्नलिखित	निम्न	लिखित
निरक्षर	निर्	अक्षर
निश्चितता	निश्चित	ता
निषेचन	नि	सेचन
निष्क्रियता	निष्क्रिय	ता
निष्पक्ष	निष्	पक्ष
निस-दिन	निस	दिन
नीचा	*ní	*h₃ekʷ
नीरधि	नीर	धि
नीलगाय	नील	गाय
नुक्कड़ नाटक	नुक्कड़	नाटक
नेकदिल	नेक	दिल
नेत्रदान	नेत्र	दान
नेपालगंज	नेपाल	गञ्जा
नेपियर टाउन	Napier	town
नेस्तनाबूद	نیست	و	نابود
नोटबंदी	नोट	बंदी
नौकरशाही	नौकर	शाही
नौसेना	नौ	सेना
न्यायपालिका	न्याय	पालिका
न्यायिक	न्याय	इक
न्यायी	न्याय	ई
न्यायोचित	न्याय	उचित
न्यारा	अन्य	आकार
पंचकोन	पंच	कोन
पंचकोना	पंच	कोना
पंचतल्ला	पंच	तल्ला
पंचशील	पंच	शील
पखवाड़ा	पक्ष	वार
पखेरू	पक्षि	रूप
पठानकोट	पठानिया	कोट
पढ़ा-लिखा	पढ़ा	लिखा
पतंगबाज़	पतंग	बाज़
पतंगबाज़ी	पतंगबाज़	ई
पत्ता गोभी	पत्ता	गोभी
पत्तीदार	पत्ती	दार
पत्थरदिल	पत्थर	दिल
पत्रकार	पत्र	कार
पत्रवाहक	पत्र	वाहक
पथप्रदर्शक	पथ	प्रदर्शक
पदयात्रा	पद	यात्रा
पदाधिकारी	पद	अधिकारी
पदोन्नत	पद	उन्नत
पनवाड़ी	पर्ण	वाटिका
पयोनिधि	पयो	निधि
परमाणु	परम	अणु
परमेश्वर	परम	ईश्वर
परिणामस्वरूप	परिणाम	स्वरूप
परितुष्ट	परि	तुष्ट
परित्यागना	परि	त्यागना
परिभाषा	परि	भाषा
परिमाप	परि	माप
परिवारी	परिवार	ई
परिसंघ	परि	संघ
परेशानी	परेशान	ई
पर्यायवाचक	पर्याय	वाचक
पर्यायवाची	पर्याय	वाची
पलटवार	पलट	वार
पश्चिमी	पश्चिम	ई
पश्चिमोत्तर	पश्चिम	उत्तर
पहचानकर्ता	पहचान	कर्ता
पहलवानी	पहलवान	ई
पाँचसाला	पाँच	साल
पाकपत्तन	पाक	पत्तन
पागलपन	पागल	पन
पाटंबर	पाट	अंबर
पाठशाला	पाठ	शाला
पाठ्यक्रम	पाठ्य	क्रम
पाठ्यपुस्तक	पाठ्य	पुस्तक
पादावरण	पाद	आवरण
पाना	प्र	आप्
पारगम्य	पार	गम्य
पारिवारिक	परिवार	इक
पाल नाव	पाल	नाव
पालन-पोषण	पालन	पोषण
पाषाणहृदय	पाषाण	हृदय
पिछवाड़ा	पीछा	वाड़ा
पित्तसांद्रव	पित्त	सांद्रव
पियारा	प्रिय	कार
पीठ पीछे	पीठ	पीछे
पीलिया	पीला	इया
पुच्छल तारा	पुच्छल	तारा
पुण्यतिथि	पुण्य	तिथि
पुत्रजया	putra	jaya
पुनश्च	पुनर्	च
पुरातात्विक	पुरातत्व	इक
पुरापाषाण	पुराना	पाषाण
पुलिया	पुल	इया
पुल्लिंग	पुंस्	लिङ्ग
पुस्तक कीट	पुस्तक	कीट
पुस्तकालय	पुस्तक	आलय
पूंजीपति	पूंजी	पति
पूंजीवाद	पूंजी	वाद
पूंजीवादी	पूंजी	वादी
पूतिवात	पूति	वात
पूरबी	पूरब	ई
पूर्णकालिक	पूर्ण	कालिक
पूर्णबंदी	पूर्ण	बंदी
पूर्णविराम	पूर्ण	विराम
पूर्णांक	पूर्ण	अंक
पूर्वोत्तर	पूर्व	उत्तर
पृष्ठभूमि	पृष्ठ	भूमि
पेड़-पौधे	पेड़	पौधा
पेयजल	पेय	जल
पेशावर	पुरुष	पुर
पैंतरा	पाद	अन्तर
पैसा वसूल	पैसा	वसूल
पौन	पद	ऊन
पौना	पद	ऊन
प्रकाशवर्ष	प्रकाश	वर्ष
प्रकाशाणु	प्रकाश	अणु
प्रक्षेपास्त्र	प्रक्षेप	अस्त्र
प्रखरता	प्रखर	ता
प्रजनन	प्र	जनन
प्रजातंत्र	प्रजा	तंत्र
प्रणयोन्माद	प्रणय	उन्माद
प्रतापी	प्रताप	ई
प्रतिज्ञापन	प्रति	ज्ञापन
प्रतिमाह	प्रति	माह
प्रतिलिप्यधिकार	प्रतिलिपि	अधिकार
प्रतिशोध	प्रति	शोध
प्रत्यक्षदर्शी	प्रत्यक्ष	दर्शी
प्रत्येक	प्रति	एक
प्रथमोपचार	प्रथम	उपचार
प्रदर्शनी	प्रदर्शन	ई
प्रदान	प्र	दान
प्रधानता	प्रधान	ता
प्रधानाचार्य	प्रधान	आचार्य
प्रधानाध्यापक	प्रधान	अध्यापक
प्रबंधकर्ता	प्रबंध	कर्ता
प्रभाकीट	प्रभा	कीट
प्रमाणभूत	प्रमाण	भूत
प्रयोगकर्ता	प्रयोग	कर्ता
प्रयोगात्मक	प्रयोग	आत्मक
प्रयोज्य	प्र	योज्य
प्रवीणता	प्रवीण	ता
प्रवेशमार्ग	प्रवेश	मार्ग
प्रश्नोत्तर	प्रश्न	उत्तर
प्रसववेदना	प्रसव	वेदना
प्राकृतिक प्रकोप	प्राकृतिक	प्रकोप
प्राच्यलवक	प्राच्य	लवक
प्राणवायु	प्राण	वायु
प्राणहीन	प्राण	हीन
प्राणिजात	प्राणि	जात
प्राथमिक	प्रथम	इक
प्राधिकार	प्र	अधिकार
प्राधिकारी	प्राधिकार	ई
प्राप्त	प्र	आप्
प्रार्थनात्मक	प्रार्थना	आत्मक
प्रियकाम	प्रिय	काम
प्रीतिभोज	प्रीति	भोज
प्रेमी	प्रेम	ई
फलस्वरूप	फल	स्वरूप
फ़क़ीराना	फ़क़ीर	आना
फ़िल्मी	फ़िल्म	ई
फ़ीलपाँव	फ़ील	पाँव
फ़ीसदी	फ़ीसद	ई
फ़ौजी	फ़ौज	ई
फ़ौलादी	फ़ौलाद	ई
फाटक	*प्रहट्ट	हट्ट
फुलझड़ी	फूल	झड़ना
फूल गोभी	फूल	गोभी
फूलदान	फूल	दान
बँटवारा	बंटना	वारा
बंगालिन	बंगाल	इन
बंगाली	बंगाल	ई
बंजर	वन	उजड़ना
बंद गोभी	बंद	गोभी
बंबई	bom	baim
बआसानी	ब	आसानी
बकचोद	बकना	चोद
बकवास	बकुआ	आस
बक़रीद	बक़र	ईद
बखानना	बखान	ना
बचपना	बचपन	आ
बदनामी	बदनाम	ई
बदबू	बद	बू
बदमाशी	बदमाश	ई
बदलना	बदल	ना
बदलाव	बदल	आव
बदसूरत	बद	सूरत
बदौलत	ब	दौलत
बद्दुआ	बद	दुआ
बधिरता	बधिर	ता
बनिहारी	बनिहार	ई
बबर-शेर	बबर	शेर
बमबारी	बम	बारी
बमवर्षक	बम	वर्षक
बरक़रार	بر	قرار
बरज़बान	بر	ज़बान
बराबरी	बराबर	ई
बलिदान	बलि	दान
बल्लेबाज़	बल्ला	बाज़
बसंती	बसंत	ई
बसर	ब	सर
बहनचोद	बहन	चोद
बहनोई	भगिनी	पति
बहाई धर्म	बहाई	धर्म
बहादुरी	बहादुर	ई
बहुकोशिकीय	बहु	कोशिकीय
बहुचर्चित	बहु	चर्चित
बहुत-सारा	बहुत	सारा
बहुफलक	बहु	फलक
बहुभाषी	बहु	भाषा	ई
बहुभुज	बहु	भुज
बहुराष्ट्रीय	बहु	राष्ट्रीय
बहुवचन	बहु	वचन
बहुसंख्यक	बहु	संख्यक
बहुसंख्या	बहु	संख्या
बाख़ुदा	बा	ख़ुदा
बाज़ारी	बाज़ार	ई
बारामूला	वराह	मूल
बाल-बच्चे	बाल	बच्चा
बालकेलि	बाल	केलि
बालक्रीड़ा	बाल	क्रीड़ा
बालतोड़	बाल	तोड़
बाली	बाल	ई
बाल्यकाल	बाल्य	काल
बासमती	बास	मती
बाहरी	बाहर	ई
बिंदास	बिन	धास्त
बिकवाल	बिकना	वाला
बिजौरा	बीज	पूरक
बिश्नोई	बीस	नव	ई
बीजांड	बीज	अंड
बीरगंज	बीर	गञ्जा
बुंदेलखंड	बुंदेल	खंड
बुंदेली	बुंदेल	ई
बुज़दिल	بز	دل
बुद्धिवाद	बुद्धि	वाद
बुराई	बुरा	आई
बूचड़खाना	बुचड़	ख़ाना
बेख़बर	बे	ख़बर
बेटी	बेटा	ई
बेतुका	बे	तुका
बेनतीजा	बे	नतीजा
बेमेल	बे	मेल
बेरोज़गार	बे	रोज़गार
बेरौनक़	बे	रौनक़
बेलनाकार	बेलन	आकार
बेवक़ूफ़ी	बेवक़ूफ़	ई
बेशक़ीमती	बेश	क़ीमती
बेहद	बे	हद
बेहोश	बे	होश
बैठकख़ाना	बैठक	ख़ाना
बैलगाड़ी	बैल	गाड़ी
बोझिल	बोझ	इल
बोतलबंद	बोतल	बंद
बोलकर	बोल	कर
बोहनी	पूर्व	अहन्
बौना ग्रह	बौना	ग्रह
ब्रह्म-भोज	ब्रह्म	भोज
ब्राह्मणेतर	ब्राह्मण	इतर
भँगेड़ी	भाँग	एड़ी
भंगुरता	भंगुर	ता
भंडाफोड़	भंडा	फोड़
भक्तपुर	भक्त	पुर
भगदत्त	भग	दत्त
भगफल	भग	फल
भगवाकरण	भगवा	करण
भगौना	बहु	गुण
भड़ुआ	भाड़	उआ
भयभीत	भय	भीत
भयाक्रांत	भय	आक्रांत
भरपूर	भर	पूर
भलाई	भला	ई
भविष्यवाणी	भविष्य	वाणी
भाई-बहन	भाई	बहन
भाईचारा	भाई	चारा
भाग्यवादी	भाग्यवाद	ई
भाड़ा	भृ	त
भारतविद्या	भारत	विद्या
भारी-भरकम	भारी	भरकम
भारोत्तोलक	भार	उत्तोलक
भारोत्तोलन	भार	उत्तोलन
भाव-ताव	भाव	ताव
भाषांतरकार	भाषांतर	कार
भाषाबोध	भाषा	बोध
भाषाविज्ञान	भाषा	विज्ञान
भास्कर	भास्	कर
भीतरी	भीतर	ई
भू-संपदा	भू	संपदा
भूखमरी	भूख	मर	ई
भूचाल	भू	चाल
भूजल	भू	जल
भूडमरूमध्य	भू	डमरूमध्य
भूमंडल	भू	मंडल
भूमिपुत्र	bumi	putera
भूल-चूक	भूल	चूक
भूविज्ञान	भू	विज्ञान
भूस्खलन	भू	स्खलन
भृकुटी	भ्रू	कुटि
भेदपूर्ण	भेद	पूर्ण
भेदभाव	भेद	भाव
भोजनतंतु	भोजन	तंतु
भोजनालय	भोजन	आलय
भोपाल	भोज	पाल
भोसड़ीके	भोसड़ी	के
भौगोलिक	भूगोल	इक
भौमवार	भौम	वार
भ्रष्टाचार	भ्रष्ट	आचार
भ्रष्टाचारी	भ्रष्टाचार	ई
भ्रूणता	भ्रूण	ता
मंगलकाम	मंगल	काम
मंत्रालय	मंत्री	आलय
मक्खनफल	मक्खन	फल
मगरमच्छ	मगर	मच्छ
मजबूरी	मजबूर	ई
मझधार	मझ	धार
मटमैला	मट्टी	मैला
मटरगश्त	मटर	गश्त
मतगणना	मत	गणना
मतदाता	मत	दाता
मतदान	मत	दान
मतभेद	मत	भेद
मदमत्त	मद	मत्त
मद्यसार	मद्य	सार
मधुमक्खी	मधु	मक्खी
मधुशाला	मधु	शाला
मध्यपाषाण	मध्य	पाषाण
मध्ययुग	मध्य	युग
मध्यवर्ग	मध्य	वर्ग
मध्यांतर	मध्य	अंतर
मध्यावकाश	मध्य	अवकाश
मध्यावधि	मध्य	अवधि
मनमोहक	मन	मोहक
मनश्चिकित्सक	मनस्	चिकित्सक
मनोरथ	मनो	रथ
मनोरोग	मनो	रोग
मनोरोगी	मनोरोग	ई
मरघट	मर	घट
मरणोपरांत	मरण	उपरांत
मर्मघातक	मर्म	घातक
मलिनता	मलिन	ता
मसहरी	हर	इन्
मसूड़ा	मांस	पुट	क
मस्त-मौला	मस्त	मौला
महंगा	महा	अर्घ
महत्वाकांक्षा	महत्व	आकांक्षा
महाजनपद	महा	जनपद
महात्मा	महा	आत्मा
महाद्वीप	महा	द्वीप
महाद्वीपी	महाद्वीप	ई
महाद्वीपीय	महाद्वीप	ईय
महानगर	महा	नगर
महानिदेशक	महा	निदेशक
महानिदेशालय	महा	निदेशालय
महानिरीक्षक	महा	निरीक्षक
महानिर्देशक	महा	निर्देशक
महापंडित	महा	पंडित
महापौर	महा	पौर
महामंदी	महा	मंदी
महामारी	महा	मारी
महावरेदार	मुहावरा	दार
महाविस्फोट	महा	विस्फोट
महावीर	महा	वीर
महाशक्ति	महा	शक्ति
माँ-बाप	माँ	बाप
मांसपेशी	मांस	पेशी
मांसाहार	मांस	आहार
माता-पिता	माता	पिता
मातृसत्ता	मातृ	सत्ता
मादरचोद	मादर	चोद
मानचित्र	मान	चित्र
मानदेय	मान	देय
मानवता	मानव	ता
मानववाद	मानव	वाद
मानववादी	मानव	वादी
मानवाधिकार	मानव	अधिकार
मान्यता	मान्य	ता
मान्यताप्राप्त	मान्यता	प्राप्त
मायका	माँ	का
मारपीट	मार	पीट
मार्क्सवादी	मार्क्सवाद	ई
मार्गाभिगमन	मार्ग	अभिगमन
मालगोदाम	माल	गोदाम
मालदार	माल	दार
मालिकाना	मालिक	आना
माली	माल	ई
मासिक	मास	इक
मासिक धर्म	मासिक	धर्म
मासूमियत	मासूम	इयत
मिठाई	मीठा	ई
मिलीभगत	मिलना	ई	भगत
मिश्रधातु	मिश्र	धातु
मीरपुर	मीर	पुर
मीलपत्थर	मील	पत्थर
मुँहतोड़ जवाब	मुँह	तोड़
मुँहफट	मूँह	फट
मुंगेर	मुद्ग	गिरि
मुखपृष्ठ	मुख	पृष्ठ
मुखमैथुन	मुख	मैथुन
मुखाभिगम	मुख	अभिगम
मुखौटा	मुख	टा
मुख्यधारा	मुख्य	धारा
मुख्यालय	मुख्य	आलय
मुझसे	मुझ	से
मुद्रणालय	मुद्रण	आलय
मुल्तान	मुल	स्थान
मूँगफली	मूँग	फली
मूत्राम्ल	मूत्र	अम्ल
मूर्खता	मूर्ख	ता
मूर्तिपूजा	मूर्ति	पूजा
मूलधन	मूल	धन
मूलाक्षर	मूल	अक्षर
मूलाधार	मूल	आधार
मूल्यांकन	मूल्य	अंक	अन
मूसलधार	मूसल	धार
मृतोत्थान	मृत	उत्थान
मृत्युदर	मृत्यु	दर
मेंड़तोड़	मेंड़	तोड़
मेरठ	मय	राष्ट्र
मेहनतकश	मेहनत	कश
मैथुनी	मैथुन	ई
मोटापन	मोटा	पन
मोतीचूर	मोती	चूर
मोमबत्ती	मोम	बत्ती
मौखिक	मुख	इक
यंत्रमानव	यंत्र	मानव
यंत्रविद्या	यंत्र	विद्या
यईच	यह	ईच
यज्ञकर्ता	यज्ञ	कर्ता
यतीमख़ाना	यतीम	ख़ाना
यथाक्रम	यथा	क्रम
यथारूप	यथा	रूप
यथार्थ	यथा	अर्थ
यमलोक	यम	लोक
यवशर्करा	यव	शर्करा
यशगान	यश	गान
यहाँ-वहाँ	यहाँ	वहाँ
यही	यह	ही
यहीं	यहाँ	ही
यहूदिनी	यहूद	इनी
युग-युगांतर	युग	युगांतर
युद्धकाल	युद्ध	काल
युद्धक्षेत्र	युद्ध	क्षेत्र
युद्धनीति	युद्ध	नीति
युद्धपोत	युद्ध	पोत
युद्धप्रिय	युद्ध	प्रिय
युद्धबंदी	युद्ध	बंदी
युद्धस्थल	युद्ध	स्थल
युवावस्था	युवा	अवस्था
यूरोपीय	यूरोप	ईय
योग्यकार्ता	योग्य	कर्ता
यौवनकाल	यौवन	काल
रंगकर्म	रंग	कर्म
रंगकर्मी	रंगकर्म	ई
रंगमंच	रंग	मंच
रंगहीन	रंग	हीन
रंगीन	रंग	ईन
रक्तचाप	रक्त	चाप
रक्तपात	रक्त	पात
रक्षाबंधन	रक्षा	बन्धन
रचनावली	रचना	आवली
रणछोड़	रण	छोड़ना
रथसवार	रथ	सवार
रनवास	रानी	वास
रसगुल्ला	रस	गुल्ला
रसभरी	रस	भरा
रसायनिक	रसायन	इक
रसोईघर	रसोई	घर
राइट टाउन	Wright	town
रागद्वेष	राग	द्वेष
राजकीय प्रतीक	राजकीय	प्रतीक
राजकुल	राज	कुल
राजकोष	राज	कोष
राजदूत	राज	दूत
राजभाषा	राज	भाषा
राजमहल	राज	महल
राजशाही	शाह	ई
राजसभा	राज	सभा
राजस्व	राज	स्व
राजहंस	राज	हंस
राज्यपाल	राज्य	पाल
राज्यानुसार	राज्य	अनुसार
रामबाण	राम	बाण
रामबोल	राम	बोल
रामरज	राम	रज
रायता	राजिका	तिक्त
राशिफल	राशि	फल
राष्ट्रगान	राष्ट्र	गान
राष्ट्रपिता	राष्ट्र	पिता
राष्ट्रप्रमुख	राष्ट्र	प्रमुख
रिक्तता	रिक्त	ता
रिश्तेदार	रिश्ता	दार
रुग्णालय	रुग्ण	आलय
रूप-रंग	रूप	रंग
रूपरेखा	रूप	रेखा
रूपशाली	रूप	शाली
रूपांतरण	रूप	अंतरण
रेखाखंड	रेखा	खंड
रेखागणित	रेखा	गणित
रेखित मांसपेशी	रेखित	मांसपेशी
रेडियोधर्मी	रेडियो	धर्मी
रेतना	रेत	ना
रेलगाड़ी	रेल	गाड़ी
रेवड़ी कल्चर	रेवड़ी	कल्चर
रेवड़ी संस्कृति	रेवड़ी	संस्कृति
रैनबसेरा	रैन	बसेरा
रोकथाम	रोक	थाम
रोग़न जोश	रोग़न	जोश
लँगोटी	लँगोट	ई
लंकादहन सारंग	लंका	दहन
लंगोटी	लँगोट	ई
लगातार	लगना	तार
लघुकथा	लघु	कथा
लघुगणक	लघु	गणक
लाचार	لا	چار
लाजवाब	ला	जवाब
लापता	ला	पता
लापरवाह	ला	परवाह
लापरवाही	लापरवाह	ई
लाभ-हानि	लाभ	हानि
लाभदायक	लाभ	दायक
लाभहीन	लाभ	हीन
लाल सलाम	लाल	सलाम
लाल-बुझक्कड़	लाल	बुझक्कड़
लालफ़ीता	लाल	फ़ीता
लाहौर	लव	पुर
लिंगानुपात	लिंग	अनुपात
लिंगायत धर्म	लिंगायत	धर्म
लिखावट	लिखना	आवट
लिप्यंतरण	लिपि	अंतरण
लुका-छुपी	लुकना	छुपना
लेखा-जोखा	लेखा	जोखा
लेखाचित्र	लेखा	चित्र
लेन-देन	लेन	देन
लेना-देना	लेना	देना
लैंगिकता	लैंगिक	ता
लोकगीत	लोक	गीत
लोकनायक	लोक	नायक
लोकनृत्य	लोक	नृत्य
लोकप्रिय	लोक	प्रिय
लोकप्रियता	लोकप्रिय	ता
लोकाचार	लोक	आचार
लोटपोट	लोट	पोट
लौहपथगामिनी	लौह	पथ	गामिनी
वंशाणु	वंश	अणु
वनस्पतिजात	वनस्पति	जात
वनस्पतिविज्ञान	वनस्पति	विज्ञान
वन्यजीव	वन्य	जीव
वयस्कता	वयस्क	ता
वर्गपहेली	वर्ग	पहेली
वर्गविरोध	वर्ग	विरोध
वर्गाकार	वर्ग	आकार
वर्गीकरण	वर्ग	ईकरण
वर्णमाला	वर्ण	माला
वर्णविपर्यास	वर्ण	विपर्यास
वर्णांध	वर्ण	अंधा
वर्दीधारी	वर्दी	धारी
वर्मसरट	वर्म	सरट
वस्तु रूप में	वस्तु	रूप	में
वही	वह	ही
वहीं	वहाँ	ही
वाक्यरचना	वाक्य	रचना
वाक्यविज्ञान	वाक्य	विज्ञान
वाणिज्यिक	वाणिज्य	इक
वातानुकूलन	वात	अनुकूलन
वाद-विवाद	वाद	विवाद
वाद्ययंत्र	वाद्य	यंत्र
वामपंथी	वाम	पंथी
वायु-यान	वायु	यान
वायुजनित	वायु	जनित
वायुमंडल	वायु	मंडल
वार्तालाप	वार्ता	आलाप
वार्षिक	वर्ष	इक
वाष्पोत्सर्जन	वाष्प	उत्सर्जन
वास्तविकता	वास्तविक	ता
वास्तुकला	वास्तु	कला
विकासशील	विकास	शील
विचारधारा	विचार	धारा
विज्ञानी	विज्ञान	ई
विदर्भ	वि	दर्भ
विदेश	वि	देश
विदेशी	विदेश	ई
विद्युतदर्शी	विद्युत	दर्शी
विद्युतरोधी	विद्युत	रोधी
विद्युतीय	विद्युत	ईय
विद्युदणु	विद्युत	अणु
विधर्म	वि	धर्म
विधानसभा	विधान	सभा
विनिधान	वि	निधान
विनिर्माण	वि	निर्माण
विभक्त	वि	भक्त
विमान-पत्तन	विमान	पत्तन
विमानभेदी	विमान	भेदी
विरक्ति	वि	रक्ति
विरहाग्नि	विरह	अग्नि
विरोधाभास	विरोध	आभास
विलेयता	विलेय	ता
विलोम	वि	लोम
विशेषता	विशेष	ता
विश्रामालय	विश्राम	आलय
विश्वकप	विश्व	कप
विश्वकोश	विश्व	कोश
विश्वप्रसिद्ध	विश्व	प्रसिद्ध
विश्वभाषा	विश्व	भाषा
विश्वमारी	विश्व	मारी
विश्वयुद्ध	विश्व	युद्ध
विश्वविद्यालय	विश्व	विद्यालय
विश्वास-भंग	विश्वास	भंग
विश्वासघात	विश्वास	घात
विश्वासपात्र	विश्वास	पात्र
विषकन्या	विष	कन्या
विषमलैंगिक	विषम	लैंगिक
विषमलैंगिकता	विषमलैंगिक	ता
विषयवस्तु	विषय	वस्तु
विषाणु	विष	अणु
विषाणुरोधी	विषाणु	रोधी
विसर्जन	वि	सर्जन
वीरता	वीर	ता
वृत्तांत	वृत्त	अन्त
वृद्धावस्था	वृद्ध	अवस्था
वृद्धाश्रम	वृद्ध	आश्रम
वेश्यावृत्ति	वेश्या	वृत्ति
वैदिक संस्कृत	वैदिक	संस्कृत
व्यंजनाक्षर	व्यंजन	अक्षर
व्यतिरेकी भाषाविज्ञान	व्यतिरेकी	भाषाविज्ञान
व्यवसायी	व्यवसाय	ई
व्याख्यानदाता	व्याख्यान	दाता
व्यापारी	व्यापार	ई
व्यूहरचना	व्यूह	रचना
शकरकंद	शकर	कंद
शतकवीर	शतक	वीर
शब्दसागर	शब्द	सागर
शब्दसूची	शब्द	सूची
शब्दांश	शब्द	अंश
शब्दाडंबर	शब्द	आडंबर
शयनकक्ष	शयन	कक्ष
शल्य प्रसव	शल्य	प्रसव
शल्यक्रियागार	शल्यक्रिया	आगार
शल्यचिकित्सक	शल्य	चिकित्सक
शल्यचिकित्सा	शल्य	चिकित्सा
शवयात्रा	शव	यात्रा
शहरवासी	शहर	वासी
शांति-वार्ता	शांति	वार्ता
शांतिप्रिय	शांति	प्रिय
शाणा	स	ज्ञान
शादीशुदा	शादी	शुदा
शाबाशी	शाबाश	ई
शाब्दिक	शब्द	इक
शायराना	शायर	आना
शारीरिक दूरी	शारीरिक	दूरी
शालीनता	शालीन	ता
शालीनतापूर्वक	शालीनता	पूर्वक
शासनहीन	शासन	हीन
शासनहीनता	शासनहीन	ता
शास्त्री	शास्त्र	ई
शास्त्रीय संस्कृत	शास्त्रीय	संस्कृत
शिक्षाकर्मी	शिक्षा	कर्मी
शिक्षामित्र	शिक्षा	मित्र
शिक्षार्थी	शिक्षा	अर्थी
शिक्षाशास्त्र	शिक्षा	शास्त्र
शिक्षाशास्त्री	शिक्षा	शास्त्री
शिक्षिका	शिक्षा	इका
शिलाजीत	शिला	जतु
शिलालेखी प्राकृत	शिलालेखी	प्राकृत
शिवरंजनी	शिव	रंजनी
शिवलिंग	शिव	लिंग
शिवांबु	शिव	अम्बु
शिवालय	शिव	आलय
शिशुशाला	शिशु	शाला
शिश्नमल	शिश्न	मल
शिश्नमुंड	शिश्न	मुंड
शिष्टाचारी	शिष्टाचार	ई
शुक्राणु	शुक्र	अणु
शुतुरमुर्ग़	शुतुर	मुर्ग़
शुभ नाम	शुभ	नाम
शुभाकांक्षी	शुभ	आकांक्षी
शुभेच्छु	शुभ	इच्छु
शेख़ूपुरा	शेख़ू	पुरा
शेयर बाज़ार	शेयर	बाज़ार
शेयरधारक	share	धारक
शैक्षिक	शिक्षा	इक
शैतानी धर्म	शैतानी	धर्म
शोकाकुल	शोक	आकुल
शोभा-यात्रा	शोभा	यात्रा
शोर-शराबा	शोर	शराब
शौक़ीन	शौक़	ईन
शौचालय	शौच	आलय
श्यानता	श्यान	ता
श्रीलंकाई	श्रीलंका	ई
श्रेणीबद्ध	श्रेणी	बद्ध
श्रेष्ठगीत	श्रेष्ठ	गीत
श्वासनली	श्वास	नली
श्वेतप्रदर	श्वेत	प्रदर
षाण्मासिक	षण्मास	इक
सँपोला	सर्प	पोत
संख्यात्मक	संख्या	आत्मक
संगदिल	سنگ	دل
संगीतकार	संगीत	कार
संग्रहालय	संग्रह	आलय
संजीन	सम्	जीन
संप्रभु राज्य	संप्रभु	राज्य
संयुक्ताक्षर	संयुक्त	अक्षर
संयोगवश	संयोग	वश
संवाददाता	संवाद	दाता
संवेदन	सम्	वेदन
संवेदनशीलता	संवेदनशील	ता
सक्रियता	सक्रिय	ता
सख़्तदिल	सख़्त	दिल
सघन	स	घन
सड़कछाप	सड़क	छाप
सड़ा-गला	सड़ना	गलना
सड़ाँध	सड़ना	गंध
सत्तारूढ़	सत्ता	रूढ़
सत्तावाद	सत्ता	वाद
सदस्यता	सदस्य	ता
सदस्यनाम	सदस्य	नाम
सदाबहार	सदा	بهار
सनातन धर्म	सनातन	धर्म
सपरिवार	स	परिवार
सप्ताहांत	सप्ताह	अंत
सब कुछ	सब	कुछ
सबसे	सब	से
सब्ज़ीमंडी	सब्ज़ी	मंडी
सभापति	सभा	पति
समकोण	सम	कोण
सममिति	सम	मिति
समयसारणी	समय	सारणी
समयादेश	समय	आदेश
समयानुसार	समय	अनुसार
समलैंगिकता	समलैंगिक	ता
समस्त-पद	समस्त	पद
समाजवादी	समाज	वादी
समाजसेवा	समाज	सेवा
समानता	समान	ता
समानतावादी	समानता	वादी
समुच्चयबोधक	समुच्चय	बोधक
समुद्रतट	समुद्र	तट
सरकंडा	शर	काण्ड
सरकारी	सरकार	ई
सरगोधा	ਸਰ	ਗੋਧਾ
सरपंच	सर	पंच
सरफ़रोश	سر	فروش
सरफिरा	सर	फिरना
सरलीकृत	सरल	ईकृत
सरापा	سر	پا
सराहनीयता	सराहनीय	ता
सरी	sūþerne	gē
सरेआम	सरे	आम
सरोरुह	सरस्	रुह
सर्दी	सर्द	ई
सर्व-इस्लामवाद	सर्व	इस्लामवाद
सर्वदलीय	सर्व	दल	ईय
सर्वप्रथम	सर्व	प्रथम
सर्वप्रिय	सर्व	प्रिय
सर्वव्यापी महामारी	सर्वव्यापी	महामारी
सर्वश्रेष्ठ	सर्व	श्रेष्ठ
सर्वसम्मति	सर्व	सम्मति
सर्वसाधारण	सर्व	साधारण
सर्वहारा	सर्व	हारा
सर्वोदय	सर्व	उदय
सर्वोपरि	सर्व	उपरि
सविनय	स	विनय
सस्ताई	सस्ता	ई
सस्तापन	सस्ता	पन
सहकारी	सहकार	ई
सहधर्मी	सह	धर्मिन्
सहस्रपाद	सहस्र	पाद
सहस्रमान	सहस्र	मान
सहारा	सह	कार
सहीसलामत	सही	सलामत
साओ पाउलो	são	Paulo
साक्षर	स	अक्षर
सागरतट	सागर	तट
सागौन	शाक	वन्य
साजन	सत्	जन
साथी	सार्थ	इक
साप्ताहिक	सप्ताह	इक
साफ़-सुथरा	साफ़	सुथरा
साबूदाना	साबू	दाना
सामूहिक	समूह	इक
साम्यावस्था	साम्य	अवस्था
सालभर	साल	भर
सावधानी	सावधान	ई
सिंदूरदान	सिंदूर	दान
सिंदूरी	सिंदूर	ई
सिंहली	सिंहल	ई
सिद्धिविनायक	सिद्धि	विनायक
सियापति	सिया	पति
सिरदर्द	सिर	दर्द
सिरहाना	शिरः	आधान
सीधा-सादा	सीधा	सादा
सुईकार	सूई	कार
सुईदाब	सुई	दाब
सुदूरपूर्व	सुदूर	पूर्व
सुधना	सुध	ना
सुधारना	शुद्ध	कार
सुमेरुज्योति	सुमेरु	ज्योति
सुरक्षाबल	सुरक्षा	बल
सुरमई	सुरमा	ई
सुराबाया	ꦱꦸꦫ	ꦧꦪ
सुविख्यात	सु	विख्यात
सुस्त-दिमाग़	सुस्त	दिमाग़
सूकरमांस	सूकर	मांस
सूक्ष्माणु	सूक्ष्म	अणु
सूचनात्मक	सूचना	आत्मक
सूझ-बूझ	सूझ	बूझ
सूती	सूत	ई
सूरजमुखी	सूरज	मुख	ई
सूर्यमुखी	सूर्य	मुख	ई
सेवानिवृत्त	सेवा	निवृत्त
सेवानिवृत्ति	सेवा	निवृत्ति
सोनीपत	स्वर्ण	प्रस्थ
सौन्दर्यशास्त्र	सौन्दर्य	शास्त्र
सौर-घड़ी	सौर	घड़ी
सौरमंडल	सौर	मंडल
स्तंभ-लेखक	स्तंभ	लेखक
स्तन ग्रंथि	स्तन	ग्रंथि
स्तनपायी	स्तन	पायी
स्तरविन्यास	स्तर	विन्यास
स्त्रीगमन	स्त्री	गमन
स्त्रीरोगविद्या	स्त्री	रोग	विद्या
स्थलमंडल	स्थल	मंडल
स्थाननाम	स्थान	नाम
स्थानांतरण	स्थान	अंतरण
स्थानीय	स्थान	ईय
स्नातकोत्तर	स्नातक	उत्तर
स्लेटी	स्लेट	ई
स्वच्छता	स्वच्छ	ता
स्वतंत्रवादी	स्वतंत्रवाद	ई
स्वदेशी	स्वदेश	ई
स्वरविज्ञान	स्वर	विज्ञान
स्वराक्षर	स्वर	अक्षर
स्वरूप	स्व	रूप
स्वर्गलोक	स्वर्ग	लोक
स्वर्णमंदिर	स्वर्ण	मंदिर
स्वशिक्षा	स्व	शिक्षा
स्वाँग	सम	अङ्ग
स्वेच्छा	स्व	इच्छा
हँसी-मज़ाक़	हँसी	मज़ाक़
हकीमी	हकीम	ई
हठधर्मी	हठधर्म	ई
हड़गिल्ला	हड़	गिल्ला
हड़ताल	हट्ट	तालक
हतोत्साहित	हत	उत्साहित
हत्याकांड	हत्या	कांड
हत्यारोपी	हत्या	आरोपी
हथसार	हस्तिन्	शाला
हथियार	हस्त	कार
हथेली	हस्त	तल
हथौड़ा	हस्त	कूट
हरा प्याज़	हरा	प्याज़
हरा-भरा	हरा	भरा
हरामज़ादा	हराम	ज़ादा
हरेक	हर	एक
हलचल	हल्ला	चलना
हवाई	हवा	ई
हवाई अड्डा	हवाई	अड्डा
हवाई जहाज़	हवाई	जहाज़
हस्तमैथुन	हस्त	मैथुन
हस्तलिखित	हस्त	लिखित
हस्तशिल्प	हस्त	शिल्प
हाज़िरजवाब	हाज़िर	जवाब
हाथ पाँव चलना	हाथ पाँव	चलना
हाथापाई	हाथ	आ	पाई
हाथीपाँव	हाथी	पाँव
हामी	हाँ	ई
हाल-चाल	हाल	चाल
हाव-भाव	हाव	भाव
हास्यास्पद	हास्य	आस्पद
हिंदकी	हिंद	की
हिंदचीन	हिंद	चीन
हिंदवी	हिंदू	ई
हिंसात्मक	हिंसा	आत्मक
हितकाम	हित	काम
हितचिंतक	हित	चिंतक
हिताकांक्षी	हित	आकांक्षी
हितान्वेषी	हित	अन्वेषी
हितार्थी	हित	अर्थी
हितेच्छु	हित	इच्छु
हिन्द-आर्य	हिन्द	आर्य
हिम तेंदुआ	हिम	तेंदुआ
हिमलंब	हिम	लंब
हिमशैल	हिम	शैल
हिमस्खलन	हिम	स्खलन
हिमांक	हिम	अंक
हिरनी	हिरन	ई
हिलना-डुलना	हिलना	डुलना
हृत्पिण्ड	हृद्	पिण्ड
हृदयाघात	हृदय	आघात
हैरानी	हैरान	ई
होनहार	होना	हार
होली की शुभकामनाएँ	होली	की	शुभकामनाएँ
